Sector: Finance,
Date: 09-Nov-2025,
Note:- Statement: 1 = Standalone and 2 = Consolidated,
Generated by and for: signshailesh@gmail.com,

Stock Name,Symbol,Industry,Market Cap(Rs. Cr.),Exchange,LTP,Chg%,TTM Statement,TTM Ending (Results),Profit After Tax(Rs. Cr.),TTM Ending (Valuation),Price Earning Ratio(TTM),"PEG Ratio ",Price To Book Value(TTM),Statement,Year Ending,Debt Equity Ratio,Return On Equity(%),Return On Capital Employed(%),Symbol with Comma for External Upload
Bajaj Finance Ltd.,BAJFINANCE,Finance - NBFC,663721.03,NSE,1066.60,2.37,2,2025-06,17616.76,2025-06,38.09,1.47,6.57,2,2025-03,3.77,19.58,11.37,"BAJFINANCE,"
Life Insurance Corporation of India,LICI,Insurance,584366.54,NSE,924.15,3.13,2,2025-09,46714.51,2025-09,11.44,,4.12,2,2025-03,0,45.82,45.85,"LICI,"
Bajaj Finserv Ltd.,BAJAJFINSV,Finance - Investment,336219.85,NSE,2102.10,1.89,2,2025-06,18661.33,2025-06,35.3,1.65,4.37,2,2025-03,4.95,26.75,12.48,"BAJAJFINSV,"
SBI Life Insurance Company Ltd.,SBILIFE,Insurance,200418.36,NSE,1998.90,1.43,1,2025-09,2453.29,2025-09,81.69,7.32,10.95,1,2025-03,0,15.38,15.9,"SBILIFE,"
JIO Financial Services Ltd.,JIOFIN,Finance - NBFC,190117.76,NSE,299.30,0.40,2,2025-09,1276.78,2025-09,116.59,,1.41,2,2025-03,0.03,1.23,1.5,"JIOFIN,"
HDFC Life Insurance Company Ltd.,HDFCLIFE,Insurance,161501.65,NSE,749.25,1.79,2,2025-09,1893.31,2025-09,85.3,12.38,9.52,2,2025-03,0.19,12.1,11.1,"HDFCLIFE,"
Indian Railway Finance Corporation Ltd.,IRFC,Finance Term Lending,158651.66,NSE,121.36,0.92,1,2025-09,6835.2,2025-09,23.21,1.52,2.82,1,2025-03,7.83,12.77,5.83,"IRFC,"
Shriram Finance Ltd.,SHRIRAMFIN,Finance - NBFC,153564.27,NSE,816.35,3.01,2,2025-09,9836.51,2025-09,15.57,0.57,2.53,2,2025-03,4.15,17.9,11.6,"SHRIRAMFIN,"
Cholamandalam Investment and Finance Company Ltd.,CHOLAFIN,Finance - NBFC,143554.03,NSE,1703.90,1.22,2,2025-09,4641.7,2025-09,30.9,0.96,5.47,2,2025-03,7.46,19.86,10.34,"CHOLAFIN,"
Bajaj Holdings & Investment Ltd.,BAJAJHLDNG,Finance - NBFC,140186.97,NSE,12580.00,-4.25,2,2025-06,2030.06,2025-06,16.7,0.99,2.18,2,2025-03,0,11.33,11.54,"BAJAJHLDNG,"
Tata Capital Ltd.,TATACAP,Finance - NBFC,137088.05,NSE,322.85,-1.10,2,,,2025-03,37.41,,3.18,2,2025-03,7.2,13.97,9.71,"TATACAP,"
Muthoot Finance Ltd.,MUTHOOTFIN,Finance - NBFC,129676.33,NSE,3230.00,1.45,2,2025-06,6130.95,2025-06,21.07,1.88,4.27,2,2025-03,3.38,19.65,13.27,"MUTHOOTFIN,"
Power Finance Corporation Ltd.,PFC,Finance Term Lending,125552.37,NSE,380.25,-1.52,2,2025-09,32933.53,2025-09,5.07,0.19,0.99,2,2025-03,8.25,27.88,10.07,"PFC,"
HDFC Asset Management Company Ltd.,HDFCAMC,Finance - Asset Management,116330.92,NSE,5432.50,0.82,2,2025-09,2745.8,2025-09,42.37,,15.03,2,2025-03,0,33.05,43.34,"HDFCAMC,"
BSE Ltd.,BSE,Finance - Others,108773.55,NSE,2678.30,9.07,2,2025-06,1507.47,2025-06,67.97,0.98,17.77,2,2025-03,0,26.84,36.28,"BSE,"
ICICI Lombard General Insurance Company Ltd.,ICICIGI,Insurance,100565.75,NSE,2020.20,0.96,1,2025-09,2800.59,2025-09,35.91,2.24,6.38,1,2025-03,0,19.14,25.31,"ICICIGI,"
REC Ltd.,RECLTD,Finance Term Lending,96007.35,NSE,364.95,0.62,2,2025-09,17266.97,2025-09,5.56,0.21,1.15,2,2025-03,6.33,21.67,9.96,"RECLTD,"
Bajaj Housing Finance Ltd.,BAJAJHFL,Finance - Housing,91197.4,NSE,109.50,0.11,1,2025-09,2360.96,2025-09,38.63,,4.31,1,2025-03,4.12,13.45,9.56,"BAJAJHFL,"
ICICI Prudential Life Insurance Company Ltd.,ICICIPRULI,Insurance,89068.33,NSE,615.35,1.92,2,2025-09,1307.01,2025-09,68.15,31.99,7.03,2,2025-03,0.22,10.52,10.12,"ICICIPRULI,"
Aditya Birla Capital Ltd.,ABCAPITAL,Finance - NBFC,88310.03,NSE,338.10,3.38,2,2025-09,2901.94,2025-09,27.06,0.93,2.74,2,2025-03,4.64,11.96,9.5,"ABCAPITAL,"
SBI Cards And Payment Services Ltd.,SBICARD,Finance - NBFC,83003.49,NSE,872.00,0.21,1,2025-09,1918.14,2025-09,43.27,4.8,5.61,1,2025-03,3.26,14.83,11.79,"SBICARD,"
L&T Finance Ltd.,LTF,Finance - NBFC,75942,NSE,303.60,10.32,2,2025-09,2697.21,2025-09,28.14,3.05,2.88,2,2025-03,3.62,10.84,8.72,"LTF,"
General Insurance Corporation of India,GICRE,Insurance,66579.48,NSE,379.15,1.39,2,2025-06,8024.99,2025-06,7.78,0.06,1.28,2,2025-03,0,16.41,21.11,"GICRE,"
Motilal Oswal Financial Services Ltd.,MOTILALOFS,Finance - Stock Broking,59831.74,NSE,996.45,0.91,2,2025-09,2021.21,2025-09,29.56,0.43,4.65,2,2025-03,1.35,25.65,18.74,"MOTILALOFS,"
HDB Financial Services Ltd.,HDBFS,Finance - NBFC,59040.26,NSE,711.90,-1.22,1,,,2025-03,27.13,,3.05,2,2025-03,5.56,14.81,9.79,"HDBFS,"
Max Financial Services Ltd.,MFSL,Finance - Others,55880.98,NSE,1618.10,2.14,2,2025-06,336.36,2025-06,207.31,11.73,10.45,2,2025-03,0.2,8.92,10.34,"MFSL,"
Nippon Life India Asset Management Ltd.,NAM-INDIA,Finance - Asset Management,54114.98,NSE,849.55,-2.00,2,2025-09,1333.51,2025-09,40.54,1.6,12.35,2,2025-03,0,32.31,41.51,"NAM-INDIA,"
Sundaram Finance Ltd.,SUNDARMFIN,Finance - NBFC,53467.62,NSE,4808.00,-1.04,2,2025-09,1907.58,2025-09,27.12,1.44,3.53,2,2025-03,4.63,14.95,9.69,"SUNDARMFIN,"
Multi Commodity Exchange Of India Ltd.,MCX,Finance - Stock Broking,48071.83,NSE,9430.50,1.95,2,2025-09,696.86,2025-09,69.05,3.67,15.4,2,2025-03,0,22.52,28.14,"MCX,"
Authum Investment & Infrastructure Ltd.,AIIL,Finance - Investment,47608.43,NSE,2800.10,-0.02,2,2025-06,4087.78,2025-06,11.65,,3.05,2,2025-03,0.07,33.88,30.27,"AIIL,"
Housing & Urban Development Corporation Ltd.,HUDCO,Finance - Housing,46133.79,NSE,230.69,1.39,2,2025-06,2781.62,2025-06,16.59,1.72,2.48,2,2025-03,5.97,15.67,9.62,"HUDCO,"
Mahindra & Mahindra Financial Services Ltd.,M&MFIN,Finance - NBFC,43561.7,NSE,313.25,0.43,2,2025-09,2401.51,2025-09,17.66,1.1,1.76,2,2025-03,5.75,11.35,8.92,"M&MFIN,"
360 One Wam Ltd.,360ONE,Finance - Stock Broking,43173.89,NSE,1066.00,-0.21,2,2025-09,1126.22,2025-09,38.34,0.96,4.62,2,2025-03,1.61,19.88,14.4,"360ONE,"
Indian Renewable Energy Development Agency Ltd.,IREDA,Finance - NBFC,41941.82,NSE,149.37,0.55,2,2025-03,1698.34,2025-03,24.7,,3.25,2,2025-03,6.31,18.04,9.37,"IREDA,"
Tata Investment Corporation Ltd.,TATAINVEST,Finance - NBFC,39598.41,NSE,781.25,1.96,2,2025-09,237.93,2025-09,112.56,4.01,1.25,2,2025-03,0,1.02,1.21,"TATAINVEST,"
Poonawalla Fincorp Ltd.,POONAWALLA,Finance - NBFC,37657.05,NSE,463.60,0.15,2,2025-09,217.86,2025-09,172.85,,3.81,2,2025-03,3.22,-1.22,4.82,"POONAWALLA,"
Cholamandalam Financial Holdings Ltd.,CHOLAHLDNG,Finance - Investment,35369.76,NSE,1884.10,-4.49,2,2025-09,4921.37,2025-09,15.87,0.5,2.59,2,2025-03,14.05,41.92,11.41,"CHOLAHLDNG,"
Go Digit General Insurance Ltd.,GODIGIT,Insurance,33254.38,NSE,360.35,1.36,1,2025-09,488.97,2025-09,68.01,,7.6,1,2025-03,0.09,12.98,11.73,"GODIGIT,"
Central Depository Services (India) Ltd.,CDSL,Depository Services,32996.92,NSE,1578.80,2.99,2,2025-09,472.66,2025-09,69.76,1.85,18.94,2,2025-03,0,32.65,43.12,"CDSL,"
LIC Housing Finance Ltd.,LICHSGFIN,Finance - Housing,31411.35,NSE,571.20,0.18,2,2025-09,5522.24,2025-09,5.69,0.32,0.82,2,2025-03,7.44,16.05,8.94,"LICHSGFIN,"
TVS Holdings Ltd.,TVSHLTD,Finance - Investment,30405.82,NSE,15012.00,-0.05,2,2025-09,2934.99,2025-09,21.01,0.84,5.52,2,2025-03,6.93,63.22,17.56,"TVSHLTD,"
Piramal Finance Ltd.,PIRAMALFIN,Finance - Housing,30226.34,NSE,1323.00,7822.16,1,2021-06,-14806.78,2025-03,576.29,,-3.69,2,2025-03,3.41,-0.04,6.65,"PIRAMALFIN,"
The New India Assurance Company Ltd.,NIACL,Insurance,29977.12,NSE,181.92,-0.37,2,2025-06,1131.79,2025-06,25.03,-3.34,1.29,2,2025-03,0,4.64,4.86,"NIACL,"
ICICI Securities Ltd.,ISEC,Finance - Stock Broking,29132.36,NSE,896.20,,1,2024-12,2092.85,2024-12,13.92,0.49,5.9,2,2025-03,3.84,41.94,18.37,"ISEC,"
Star Health and Allied Insurance Company Ltd.,STARHEALTH,Insurance,28657.51,NSE,488.65,0.40,1,2025-09,533.07,2025-09,53.76,,3.9,1,2025-03,0.07,9.67,12.04,"STARHEALTH,"
Nuvama Wealth Management Ltd.,NUVAMA,Finance - Others,26354.82,NSE,7300.00,-0.11,2,2025-09,1014.39,2025-09,25.7,,6.99,2,2025-03,2.3,31.64,20.45,"NUVAMA,"
Anand Rathi Wealth Ltd.,ANANDRATHI,Finance - Others,25938.14,NSE,3121.50,0.55,2,2025-09,344.84,2025-09,75.52,,32.08,2,2025-03,0.03,45.55,61.54,"ANANDRATHI,"
Angel One Ltd.,ANGELONE,Finance - Stock Broking,23759.85,NSE,2616.40,5.22,2,2025-09,782.19,2025-09,30.38,0.43,4.09,2,2025-03,0.62,27.79,25.91,"ANGELONE,"
PNB Housing Finance Ltd.,PNBHOUSING,Finance - Housing,23340.26,NSE,896.15,-1.36,2,2025-09,2148.74,2025-09,10.86,0.44,1.3,2,2025-03,3.71,12.2,9.44,"PNBHOUSING,"
Manappuram Finance Ltd.,MANAPPURAM,Finance - NBFC,22904.52,NSE,270.65,-1.22,2,2025-09,425.06,2025-09,51,-13.82,1.8,2,2025-03,2.81,10.04,11.31,"MANAPPURAM,"
IIFL Finance Ltd.,IIFL,Finance - NBFC,22364.62,NSE,526.30,1.07,2,2025-09,1025.18,2025-09,26.06,2.3,1.72,2,2025-03,4.17,5.07,8.12,"IIFL,"
Aditya Birla Sun Life AMC Ltd.,ABSLAMC,Finance - Asset Management,22041.38,NSE,763.20,-0.93,2,2025-09,970.98,2025-09,22.7,,6.18,2,2025-03,0,27.7,36.27,"ABSLAMC,"
CreditAccess Grameen Ltd.,CREDITACC,Finance - NBFC,21562.85,NSE,1346.90,0.70,2,2025-09,133.69,2025-09,161.29,16.53,3.01,2,2025-03,2.96,7.9,9.55,"CREDITACC,"
Aadhar Housing Finance Ltd.,AADHARHFC,Finance - Housing,21420.77,NSE,494.55,-0.98,2,2025-09,987.93,2025-09,21.68,,3.11,2,2025-03,2.56,16.93,11.45,"AADHARHFC,"
National Securities Depository Ltd.,NSDL,Depository Services,21392,BSE,1069.60,1.12,2,,,2025-03,62.34,,3.51,2,2025-03,0,18.61,24.8,"NSDL,"
KFin Technologies Ltd.,KFINTECH,Depository Services,19161.13,NSE,1111.00,4.60,2,2025-09,346.1,2025-09,55.41,,13.1,2,2025-03,0,26.41,35.5,"KFINTECH,"
Five-Star Business Finance Ltd.,FIVESTAR,Finance - NBFC,19033.35,NSE,646.10,3.49,1,2025-09,1105.43,2025-09,17.22,,2.8,1,2025-03,1.26,18.81,16.34,"FIVESTAR,"
Capri Global Capital Ltd.,CGCL,Finance - Investment,18920.76,NSE,196.49,-0.51,2,2025-09,716.72,2025-09,26.4,1.09,2.84,2,2025-03,3.65,11.86,11.18,"CGCL,"
JSW Holdings Ltd.,JSWHL,Finance - Investment,18891.62,NSE,17042.00,2.34,2,2025-09,117.76,2025-09,151.63,11.69,0.56,2,2025-03,0,0.62,0.82,"JSWHL,"
Computer Age Management Services Ltd.,CAMS,Depository Services,18811.54,NSE,3795.30,1.48,2,2025-09,459.19,2025-09,40.58,1.82,15.52,2,2025-03,0,48.11,61.67,"CAMS,"
Maharashtra Scooters Ltd.,MAHSCOOTER,Finance - Investment,16606.85,NSE,14490.00,-1.89,1,2025-09,357.36,2025-09,46.47,-45.56,0.5,1,2025-03,0,0.74,0.74,"MAHSCOOTER,"
Choice International Ltd.,CHOICEIN,Finance - Stock Broking,16497.68,NSE,802.30,0.43,2,2025-09,188.68,2025-09,87.44,1.3,15.66,2,2025-03,0.57,23.78,23.09,"CHOICEIN,"
RRP Semiconductor Ltd.,RRP,Finance - Investment,16055.07,BSE,11784.40,2.00,1,2025-06,6.5,2025-06,0,0,996.15,1,2025-03,0.71,208.52,80.18,"RRP,"
UTI Asset Management Company Ltd.,UTIAMC,Finance - Asset Management,15480.27,NSE,1209.00,0.58,2,2025-09,661.64,2025-09,26.33,1.2,3.53,2,2025-03,0,18.36,23.7,"UTIAMC,"
Sammaan Capital Ltd.,SAMMAANCAP,Finance - Housing,15401.37,NSE,185.41,0.06,2,2025-09,1269.25,2025-09,12.13,,0.69,2,2025-03,1.98,-8.77,3.64,"SAMMAANCAP,"
JM Financial Ltd.,JMFINANCIL,Finance - Investment,15189.49,NSE,158.85,-1.90,2,2025-09,1154.94,2025-09,13.3,1.56,1.48,2,2025-03,1.18,8.5,10.06,"JMFINANCIL,"
Aptus Value Housing Finance India Ltd.,APTUS,Finance - Housing,14639.31,NSE,292.40,-0.83,2,2025-09,843.33,2025-09,17.36,,3.14,2,2025-03,1.59,18.64,15.08,"APTUS,"
IFCI Ltd.,IFCI,Finance Term Lending,14613.96,NSE,54.23,0.13,2,2025-06,499.01,2025-06,45.78,2.02,1.67,2,2025-03,0.43,5.48,11.51,"IFCI,"
Niva Bupa Health Insurance Company Ltd.,NIVABUPA,Insurance,14035.13,NSE,76.03,0.80,1,2025-09,92.61,2025-09,151.55,,3.69,1,2025-03,0.08,8.36,7.62,"NIVABUPA,"
TSF Investments Ltd.,TSFINV,Finance - Investment,13103.02,NSE,589.95,0.37,2,2025-09,87.92,2025-09,27.85,0.71,2.22,2,2025-03,0,1.48,2.27,"TSFINV,"
SBFC Finance Ltd.,SBFC,Finance - NBFC,12492.68,NSE,113.97,1.40,1,2025-09,392.5,2025-09,31.83,,3.63,2,2025-03,1.68,11.73,11.55,"SBFC,"
Aavas Financiers Ltd.,AAVAS,Finance - Housing,12455.31,NSE,1574.10,-1.86,1,2025-06,587.24,2025-06,21.21,0.93,2.81,2,2024-03,3.31,14.13,9.96,"AAVAS,"
Can Fin Homes Ltd.,CANFINHOME,Finance - Housing,11736.87,NSE,880.75,0.36,1,2025-09,921.34,2025-09,12.74,0.71,2.15,1,2025-03,6.88,18.22,9.39,"CANFINHOME,"
Home First Finance Company India Ltd.,HOMEFIRST,Finance - Housing,11735.52,NSE,1132.00,-0.35,1,2025-09,452.81,2025-09,25.92,0.7,2.92,1,2025-03,3.88,16.81,11.35,"HOMEFIRST,"
Canara HSBC Life Insurance Company Ltd.,CANHLIFE,Insurance,11675.5,NSE,122.86,1.11,1,,,2025-03,99.81,,7.57,1,2025-03,0,7.97,8.73,"CANHLIFE,"
Prudent Corporate Advisory Services Ltd.,PRUDENT,Finance - Others,10931.36,NSE,2635.00,5.77,2,2025-09,205.25,2025-09,53.26,,14.33,2,2025-03,0,34.05,46.03,"PRUDENT,"
IIFL Capital Services Ltd.,IIFLCAPS,Finance - Stock Broking,10450.82,NSE,337.50,1.67,2,2025-09,585.93,2025-09,17.87,0.49,4.04,2,2025-03,0.39,34.1,34.69,"IIFLCAPS,"
Edelweiss Financial Services Ltd.,EDELWEISS,Finance - NBFC,10415.77,NSE,110.03,-0.38,2,2025-06,553.21,2025-06,25.61,1.5,2.48,2,2025-03,4.37,12.64,14.31,"EDELWEISS,"
India Shelter Finance Corporation Ltd.,INDIASHLTR,Finance - Housing,9472.1,NSE,873.25,3.23,2,2025-09,445.76,2025-09,21.25,,3.25,2,2025-03,1.85,15.22,12.74,"INDIASHLTR,"
Kama Holdings Ltd.,KAMAHOLD,Finance - Investment,9411.36,BSE,2934.90,0.15,2,2025-06,1439.53,2025-06,12.94,3.64,1.23,2,2025-03,0.64,18.14,17.87,"KAMAHOLD,"
Religare Enterprises Ltd.,RELIGARE,Finance - Investment,8546.7,NSE,258.30,1.12,2,2025-06,164.68,2025-06,72.76,4.36,3.39,2,2025-03,0.06,7.56,11.46,"RELIGARE,"
Bengal & Assam Company Ltd.,BENGALASM,Finance - NBFC,8499.78,BSE,7429.00,-1.07,2,2025-06,318.33,2025-06,11.62,5.87,0.86,2,2025-03,0.06,3.18,4.49,"BENGALASM,"
Canara Robeco Asset Management Co Ltd.,CRAMC,Finance - Asset Management,6353.44,NSE,318.75,2.52,1,,,2025-03,33.32,,9.36,1,2025-03,0,36.17,49.19,"CRAMC,"
Pilani Investment And Industries Corporation Ltd.,PILANIINVS,Finance - Investment,5829.98,NSE,5281.00,3.63,2,2025-09,99.47,2025-09,201.23,-18.53,0.36,2,2025-03,0.12,0.99,1.75,"PILANIINVS,"
MAS Financial Services Ltd.,MASFIN,Finance - NBFC,5584.23,NSE,307.35,1.04,2,2025-09,341.82,2025-09,16.53,1.26,1.99,2,2025-03,3.51,14.3,11.5,"MASFIN,"
Fedbank Financial Services Ltd,FEDFINA,Finance - NBFC,5152.08,NSE,137.89,0.89,1,2025-09,245.57,2025-09,20.98,,1.9,1,2025-03,4.04,9.41,9.94,"FEDFINA,"
Indo Thai Securities Ltd.,INDOTHAI,Finance - Investment,4749.58,NSE,380.60,-0.57,2,2025-09,21.35,2025-09,223.03,10.04,21.89,2,2025-03,0.02,6.76,8.83,"INDOTHAI,"
Northern ARC Capital Ltd.,NORTHARC,Finance - NBFC,4344.52,NSE,268.90,2.19,2,2025-09,284.85,2025-09,15.18,,1.19,2,2025-03,2.91,10.78,9.88,"NORTHARC,"
Colab Platforms Ltd.,COLAB,Finance - Investment,4173.84,BSE,204.60,1.99,2,2025-03,2.86,2025-03,0,,162.01,2,2025-03,0,12.38,16.63,"COLAB,"
Share India Securities Ltd.,SHAREINDIA,Finance - Stock Broking,3904.94,NSE,178.38,-0.94,2,2025-09,278.45,2025-09,14.06,0.27,1.56,2,2025-03,0.21,16.61,21,"SHAREINDIA,"
Spice Lounge Food Works Ltd.,SPICELOUNG,Finance - Investment,3613.19,BSE,51.50,-3.23,2,2025-06,4.46,2025-06,809.59,,33.6,2,2025-03,0.46,5.19,6.66,"SPICELOUNG,"
Anand Rathi Share & Stock Brokers Ltd.,ARSSBL,Finance - Stock Broking,3592.9,NSE,572.95,6.24,2,,,2025-03,34.68,,2.76,2,2025-03,1.85,23.35,21.28,"ARSSBL,"
Indostar Capital Finance Ltd.,INDOSTAR,Finance - NBFC,3574.96,NSE,261.01,2.76,2,2025-09,569.94,2025-09,5.77,0.31,0.89,2,2025-03,2.07,1.6,7.43,"INDOSTAR,"
Nalwa Sons Investments Ltd.,NSIL,Finance - Investment,3513.39,NSE,6812.50,2.99,2,2025-06,41.48,2025-06,81.06,4.28,0.21,2,2025-03,0,0.31,0.44,"NSIL,"
Paisalo Digital Ltd.,PAISALO,Finance - NBFC,3277.92,NSE,36.00,-1.88,2,2025-06,205.8,2025-06,15.93,0.53,2.1,2,2025-03,2.35,14.08,13.18,"PAISALO,"
Tourism Finance Corporation Of India Ltd.,TFCILTD,Finance Term Lending,3163.06,NSE,68.26,0.52,1,2025-06,108.97,2025-06,29.03,5.71,2.54,1,2025-03,0.71,9,11.01,"TFCILTD,"
Fusion Finance Ltd.,FUSION,Finance - NBFC,2822.66,NSE,174.06,1.55,1,2025-09,-998.27,2025-09,0,,1.45,1,2025-03,3.97,-55.13,-2.96,"FUSION,"
Muthoot Microfin Ltd.,MUTHOOTMF,Finance - NBFC,2802.89,NSE,165.34,2.47,1,2025-09,-360.65,2025-09,0,,1.04,1,2025-03,3.03,-8.24,5.89,"MUTHOOTMF,"
Repco Home Finance Ltd.,REPCOHOME,Finance - Housing,2661.36,NSE,425.60,-2.24,2,2025-06,438.16,2025-06,5.73,0.63,0.75,2,2025-03,3.25,13.59,10.97,"REPCOHOME,"
Elcid Investments Ltd.,ELCIDIN,Finance - Investment,2657.72,BSE,132001.00,,2,2025-09,75.94,2025-06,30.31,1.91,0.29,2,2025-03,0,1.47,1.98,"ELCIDIN,"
Ugro Capital Ltd.,UGROCAP,Finance - NBFC,2470.59,NSE,176.94,-0.21,1,2025-09,155.49,2025-09,15.89,0.32,0.99,1,2025-03,3.87,8.95,11.05,"UGROCAP,"
Summit Securities Ltd.,SUMMITSEC,Finance - NBFC,2438.95,NSE,2246.10,3.69,2,2025-09,101.35,2025-09,24.06,14.95,0.22,2,2025-03,0,0.73,1.06,"SUMMITSEC,"
Monarch Networth Capital Ltd.,MONARCH,Finance - Stock Broking,2413.72,NSE,305.15,-0.33,2,2025-06,154.46,2025-06,15.63,0.12,2.91,2,2025-03,0.01,26.59,33.26,"MONARCH,"
PTC India Financial Services Ltd.,PFS,Finance - NBFC,2299.37,NSE,35.85,0.59,2,2025-09,350.08,2025-09,6.57,0.45,0.77,2,2025-03,1.03,8.2,9.96,"PFS,"
Systematix Corporate Services Ltd.,SYSTMTXC,Finance - Investment,2242.64,NSE,163.41,0.36,2,2025-06,54.48,2025-06,41.16,0.63,7.23,2,2025-03,0.07,20.25,24.86,"SYSTMTXC,"
Rane Holdings Ltd.,RANEHOLDIN,Finance - Investment,2230.05,NSE,1566.60,1.04,2,2025-06,214.53,2025-06,9.25,0.06,1.94,2,2025-03,0.9,21.95,21.64,"RANEHOLDIN,"
Kalyani Investment Company Ltd.,KICL,Finance - Investment,2226.31,NSE,5060.00,1.16,2,2025-06,44.35,2025-06,34.68,4.18,0.26,2,2025-03,0,0.84,1.15,"KICL,"
SG Finserve Ltd.,SGFIN,Finance - NBFC,2177.95,NSE,389.85,3.97,1,2025-09,100.4,2025-09,21.69,0.15,2.03,1,2025-03,1.54,9.54,6.83,"SGFIN,"
Spandana Sphoorty Financial Ltd.,SPANDANA,Finance - NBFC,2134.88,NSE,240.90,0.84,2,2025-09,-1483.93,2025-09,0,,0.95,2,2025-03,2.21,-33.73,-4.14,"SPANDANA,"
Mufin Green Finance Ltd.,MUFIN,Finance - Investment,2105.73,NSE,121.52,0.02,2,2025-06,18.01,2025-06,113.06,,7.04,2,2025-03,2.85,8.13,12.44,"MUFIN,"
Geojit Financial Services Ltd.,GEOJITFSL,Finance - Stock Broking,2019.45,NSE,72.25,0.33,2,2025-09,116.31,2025-09,17.25,0.63,1.73,2,2025-03,0.1,16.79,20.82,"GEOJITFSL,"
DAM Capital Advisors Ltd.,DAMCAPITAL,Finance - Investment,1864.34,NSE,263.22,3.35,2,2025-09,112.39,2025-09,16.59,,6.02,2,2025-03,0.01,48.78,64.06,"DAMCAPITAL,"
Haryana Financial Corporation Ltd.,HARAFIN,Finance Term Lending,1847.53,BSE,88.97,,1,2025-06,-2.1,2025-06,0,0,8.25,1,2024-03,0,16.77,17.86,"HARAFIN,"
Algoquant Fintech Ltd.,ALGOQUANT,Finance - Stock Broking,1816.44,BSE,64.62,-2.27,2,2025-03,31.89,2025-03,56.95,,13.93,2,2025-03,0.29,37.89,33.57,"ALGOQUANT,"
Arman Financial Services Ltd.,ARMANFIN,Finance - NBFC,1740.68,NSE,1654.90,2.08,2,2025-06,6.18,2025-06,281.39,60.78,2.05,2,2025-03,1.43,6.24,13.31,"ARMANFIN,"
Balmer Lawrie Investments Ltd.,BLIL,Finance - NBFC,1733.16,BSE,78.09,-0.32,2,2025-06,209.81,2025-06,9.9,0.97,1.21,2,2025-03,0.06,20.53,27.4,"BLIL,"
BF Investment Ltd.,BFINVEST,Finance - Investment,1728.94,NSE,458.65,-0.02,2,2025-06,24.94,2025-06,22.13,1.74,0.25,2,2025-03,0,3.39,4.62,"BFINVEST,"
Satin Creditcare Network Ltd.,SATIN,Finance Term Lending,1684.13,NSE,151.04,1.40,2,2025-09,134.41,2025-09,12.53,3.36,0.64,2,2025-03,3.46,7.53,11.87,"SATIN,"
Centrum Capital Ltd.,CENTRUM,Finance - Others,1601.63,NSE,34.81,0.00,2,2025-09,-149.82,2025-09,0,,5.78,2,2025-03,69.27,-47.11,9.92,"CENTRUM,"
PNB Gilts Ltd.,PNBGILTS,Finance - NBFC,1584.99,NSE,88.04,-0.88,1,2025-09,179.62,2025-09,8.82,-6.84,0.97,1,2025-03,14.48,16.21,6.82,"PNBGILTS,"
Master Trust Ltd.,MASTERTR,Finance - NBFC,1546.93,NSE,125.85,-1.78,2,2025-09,118.21,2025-09,13.08,0.22,2.05,2,2025-03,0.42,23.91,30.16,"MASTERTR,"
LKP Finance Ltd.,LKPFIN,Finance - Investment,1511.74,BSE,984.10,-1.56,1,2025-06,1.89,2025-06,799.44,53.4,3.17,2,2025-03,0.1,0.52,1.34,"LKPFIN,"
Finkurve Financial Services Ltd.,FINKURVE,Finance - NBFC,1499.94,NSE,107.11,-5.15,1,2025-06,18.11,2025-06,82.82,2.44,6,1,2025-03,1.15,8.85,11.46,"FINKURVE,"
Jindal Photo Ltd.,JINDALPHOT,Finance - Investment,1398.36,NSE,1366.30,2.15,2,2025-06,-2.98,2025-06,6.06,0.05,1.45,2,2025-03,0.06,14,13.8,"JINDALPHOT,"
SMC Global Securities Ltd.,SMCGLOBAL,Finance - Stock Broking,1384.13,NSE,130.93,0.61,2,2025-09,98.91,2025-09,14.16,0.32,1.1,2,2025-03,1.36,12.7,14.81,"SMCGLOBAL,"
Saraswati Commercial (India) Ltd.,ZSARACOM,Finance - NBFC,1358.78,BSE,12312.00,1.58,2,2025-06,24.56,2025-06,55.33,1.11,1.37,2,2025-03,0.04,6.42,8.25,"ZSARACOM,"
Capital India Finance Ltd.,CIFL,Finance - Investment,1346.44,NSE,34.56,1.53,2,2025-06,-9.51,2025-06,0,0,2.29,2,2025-03,1.64,-1.74,6.51,"CIFL,"
Dolat Algotech Ltd.,DOLATALGO,Finance - Stock Broking,1334.43,NSE,75.90,-1.54,2,2025-06,183.11,2025-06,7.31,0.29,1.28,2,2025-03,0.07,24.07,35.52,"DOLATALGO,"
Ashika Credit Capital Ltd.,ASHIKA,Finance - NBFC,1300,BSE,340.40,-2.52,2,2025-03,-51.48,2025-03,0,,2.24,2,2025-03,0,-23.32,-22.15,"ASHIKA,"
Vardhman Holdings Ltd.,VHL,Finance - NBFC,1231.2,NSE,3858.70,5.00,2,2025-06,1.65,2025-06,4.98,0.49,0.35,2,2025-03,0,7.55,7.98,"VHL,"
Meghna Infracon Infrastructure Ltd.,MIIL,Finance - Stock Broking,1219.68,BSE,560.10,-1.87,2,2025-06,9.54,2025-06,172.83,,35.5,2,2024-03,0.18,24.07,22.65,"MIIL,"
Wealth First Portfolio Managers Ltd.,WEALTH,Finance - Investment,1172.05,NSE,1064.30,-1.39,2,2025-06,36.09,2025-06,32.47,0.35,8.11,2,2025-03,0,27.67,36.65,"WEALTH,"
Max India Ltd.,MAXIND,Finance - Investment,1112.57,NSE,212.49,0.96,2,2025-06,-138.91,2025-06,0,,2.49,2,2025-03,0,-33.75,-30.58,"MAXIND,"
Crest Ventures Ltd.,CREST,Finance - NBFC,1071.85,NSE,376.05,-1.01,2,2025-06,68.69,2025-06,16.58,1.16,0.88,2,2025-03,0.14,7.84,9.9,"CREST,"
Arihant Capital Markets Ltd.,ARIHANTCAP,Finance - Stock Broking,1045.08,NSE,99.46,-0.35,2,2025-09,44.51,2025-09,22.85,0.87,2.52,2,2025-03,0.25,16.81,21.99,"ARIHANTCAP,"
Aeroflex Enterprises Ltd.,AEROENTER,Finance - Others,1020.14,NSE,90.13,6.29,2,2025-06,77.14,2025-06,20.34,0.25,1.43,2,2025-03,0.04,11.97,16.04,"AEROENTER,"
Abans Financial Services Ltd.,AFSL,Finance - NBFC,1018.05,NSE,201.21,-0.05,2,2025-06,116.99,2025-06,9.29,,0.94,2,2025-03,0.8,11.05,10.16,"AFSL,"
Prime Securities Ltd.,PRIMESECU,Finance - Stock Broking,1014.91,NSE,301.70,-0.92,2,2025-09,34.14,2025-09,30.52,0.88,4.42,2,2025-03,0,21.61,24.67,"PRIMESECU,"
Jindal Poly Investment and Finance Company Ltd.,JPOLYINVST,Finance - Investment,1008.46,NSE,958.65,0.09,2,2025-06,55.41,2025-06,3.33,0.09,0.66,2,2025-03,0.02,14.17,12.83,"JPOLYINVST,"
Industrial & Prudential Investment Company Ltd.,INDPRUD,Finance - NBFC,1007.31,BSE,6000.00,-1.18,2,2025-09,6.03,2025-09,16.41,0.84,1.2,2,2025-03,0,7.59,7.57,"INDPRUD,"
GKW Ltd.,GKWLIMITED,Finance - Investment,1003.15,NSE,1681.30,-1.05,1,2025-06,-6.91,2025-06,0,,2.72,1,2025-03,0,-4.81,-2.4,"GKWLIMITED,"
Fedders Holding Ltd.,FEDDERSHOL,Finance - Investment,969.86,BSE,48.20,-5.53,2,2025-06,34.03,2025-06,28.5,0.28,1.5,2,2025-03,0.13,7.26,7.56,"FEDDERSHOL,"
Oswal Greentech Ltd.,OSWALGREEN,Finance - Investment,948.14,NSE,36.91,-1.20,1,2025-09,12.08,2025-09,78.51,-2.11,0.38,1,2025-03,0,0.34,0.43,"OSWALGREEN,"
5Paisa Capital Ltd.,5PAISA,Finance - Stock Broking,945.24,NSE,302.25,-1.32,2,2025-09,47.28,2025-09,19.99,0.33,1.51,2,2025-03,0.37,12.17,13.57,"5PAISA,"
Aryaman Financial Services Ltd.,ARYAMAN,Finance - Investment,940.45,BSE,780.70,-0.50,2,2025-06,52.32,2025-06,24.79,0.24,6.62,2,2025-03,0.22,44.83,41.86,"ARYAMAN,"
GIC Housing Finance Ltd.,GICHSGFIN,Finance - Housing,923.82,NSE,171.69,-0.57,2,2025-06,128.85,2025-06,7.17,,0.47,2,2025-03,4.44,8.46,8.63,"GICHSGFIN,"
Sastasundar Ventures Ltd.,SASTASUNDR,Finance - NBFC,914.23,NSE,289.65,-0.07,2,2025-06,-146.61,2025-06,0,0,1.31,2,2025-03,0,-18.71,-28.4,"SASTASUNDR,"
Aditya Birla Money Ltd.,BIRLAMONEY,Finance - Stock Broking,897.93,NSE,158.78,0.99,1,2025-09,56.66,2025-09,15.85,0.36,3.35,1,2025-03,7.11,37.2,13.24,"BIRLAMONEY,"
Dhunseri Investments Ltd.,DHUNINV,Finance - Investment,839.37,NSE,1384.70,1.91,2,2025-06,4.17,2025-06,8.64,0.09,0.31,2,2025-03,0.14,5.33,7.64,"DHUNINV,"
AK Capital Services Ltd.,AKCAPIT,Finance - Investment,808.5,BSE,1225.00,0.82,2,2025-09,98.94,2025-09,8.47,0.79,0.81,2,2024-03,2.99,10.52,9.55,"AKCAPIT,"
Shriram Asset Management Company Ltd.,SRAMSET,Finance - Asset Management,802.91,BSE,472.00,6.14,1,2025-06,-16.75,2025-06,0,,4.98,1,2025-03,0,-24.44,-23.27,"SRAMSET,"
Nisus Finance Services Co Ltd.,NISUS,Finance - Asset Management,798.36,BSE,334.35,-1.01,2,2025-03,32.25,2025-03,24.78,,4.5,2,2025-03,0.06,33.63,40.35,"NISUS,"
STEL Holdings Ltd.,STEL,Finance - Investment,781.13,NSE,421.65,2.79,2,2025-09,17.06,2025-09,45.79,50.32,0.42,2,2025-03,0,0.97,1.3,"STEL,"
Emkay Global Financial Services Ltd.,EMKAY,Finance - Stock Broking,778.92,NSE,298.55,-2.10,2,2025-09,22.26,2025-09,34.94,0.77,2.58,2,2025-03,0.16,21.51,21.74,"EMKAY,"
Laxmi India Finance Ltd.,LAXMIINDIA,Finance - NBFC,749.26,NSE,143.15,-0.29,1,,,2025-03,20.81,,1.44,1,2025-03,4.42,15.68,13.71,"LAXMIINDIA,"
VLS Finance Ltd.,VLSFINANCE,Finance - Investment,724.25,NSE,212.76,-0.65,2,2025-06,24.11,2025-06,30.04,9.05,0.28,2,2025-03,0,1.69,2.15,"VLSFINANCE,"
Niyogin Fintech Ltd.,NIYOGIN,Finance - Investment,723.89,BSE,65.79,3.22,2,2025-06,-8.34,2025-06,0,0,2.41,2,2025-03,0.32,-5.99,-2.09,"NIYOGIN,"
N.B.I. Industrial Finance Co. Ltd.,NBIFIN,Finance - NBFC,721.96,NSE,2443.30,2.03,2,2025-03,8.48,2025-03,85.1,,0.22,2,2025-03,0,0.51,0.65,"NBIFIN,"
Manba Finance Ltd.,MANBA,Finance - NBFC,705.36,NSE,140.34,0.95,1,2025-06,42.37,2025-06,16.65,,1.86,1,2025-03,2.91,13.28,13.18,"MANBA,"
GFL Ltd.,GFLLIMITED,Finance - Investment,665.69,NSE,61.91,1.23,2,2025-06,-27.07,2025-06,0,0,0.26,2,2025-03,0,-2.96,-1.89,"GFLLIMITED,"
The Investment Trust of India Ltd.,THEINVEST,Finance - NBFC,663.48,NSE,127.21,-1.94,2,2025-09,19.65,2025-09,30.39,0.55,0.92,2,2025-03,0.52,6.74,9.92,"THEINVEST,"
Aryaman Capital Markets Ltd.,ARYACAPM,Finance - Stock Broking,652.09,BSE,550.00,-0.54,1,2025-03,22.93,2025-03,28.44,0.14,12.5,1,2024-03,1.12,18.51,14.32,"ARYACAPM,"
SIL Investments Ltd.,SILINV,Finance - NBFC,645.29,NSE,601.20,0.02,2,2025-06,35.88,2025-06,18.25,-7.13,0.2,2,2025-03,0,1.17,1.57,"SILINV,"
CSL Finance Ltd.,CSLFINANCE,Finance - NBFC,593.94,NSE,261.10,0.17,1,2025-06,74.92,2025-06,7.93,0.3,1.06,1,2025-03,1.29,14.21,14.62,"CSLFINANCE,"
Consolidated Finvest & Holdings Ltd.,CONSOFINVT,Finance - NBFC,578.87,NSE,179.07,1.61,1,2025-06,97.98,2025-06,5.91,0.07,0.56,1,2025-03,0,11.8,7.72,"CONSOFINVT,"
Kiran Vyapar Ltd.,KIRANVYPAR,Finance - NBFC,576.11,BSE,215.80,-0.09,2,2025-06,24.42,2025-06,12.68,0.23,0.27,2,2025-03,0.14,2.9,4.16,"KIRANVYPAR,"
Radiant Cash Management Services Ltd.,RADIANTCMS,Finance - Investment,562.46,NSE,52.52,1.31,2,2025-09,36.66,2025-09,14.42,,2.15,2,2025-03,0.41,17.89,26.76,"RADIANTCMS,"
India Finsec Ltd.,IFINSEC,Finance - NBFC,537.13,BSE,184.00,-0.51,2,2025-09,20.08,2025-09,42.19,0.9,4.42,2,2025-03,1.65,19.9,17.87,"IFINSEC,"
Arunis Abode Ltd.,ARUNIS,Finance - Investment,516.78,BSE,101.33,4.44,2,2025-06,5.26,2025-06,98.23,,7.17,2,2024-03,0.14,7.26,10.92,"ARUNIS,"
MKVentures Capital Ltd.,MKVENTURES,Finance - NBFC,513.35,BSE,1335.65,-0.17,2,2025-06,8.62,2025-06,59.58,,4.79,2,2025-03,0,9.65,16.68,"MKVENTURES,"
Moneyboxx Finance Ltd.,MONEYBOXX,Finance - NBFC,500.22,NSE,154.54,-0.46,1,2025-09,-4.56,2025-09,0,0,1.91,1,2025-03,2.77,0.63,8.79,"MONEYBOXX,"
Avonmore Capital & Management Services Ltd.,AVONMORE,Finance - Investment,497.49,NSE,17.71,1.49,2,2025-06,25.05,2025-06,18.43,1.39,1.34,2,2025-03,0.04,11.27,13.79,"AVONMORE,"
UVS Hospitality and Services Ltd.,UVS,Finance - Investment,483.68,BSE,134.45,-3.90,1,2025-06,-5.12,2025-06,0,,9.02,1,2024-03,0,5.38,3.31,"UVS,"
Nahar Capital And Financial Services Ltd.,NAHARCAP,Finance - NBFC,477.01,NSE,279.20,-0.16,2,2025-06,16.83,2025-06,9.62,0.14,0.31,2,2025-03,0,3.21,3.78,"NAHARCAP,"
Muthoot Capital Services Ltd.,MUTHOOTCAP,Finance - NBFC,460.94,NSE,279.80,1.51,1,2025-09,17.14,2025-09,26.9,-4.95,0.7,1,2025-03,4.33,7.21,9.82,"MUTHOOTCAP,"
Unifinz Capital India Ltd.,UCIL,Finance - NBFC,441.8,BSE,499.00,9.38,1,2025-06,35.21,2025-06,12.55,0.03,4.68,1,2025-03,0.42,49.37,47.08,"UCIL,"
SRG Housing Finance Ltd.,SRGHFL,Finance - Housing,426.97,NSE,286.00,-1.67,1,2025-06,25.32,2025-06,16.86,2.68,1.58,1,2025-03,2.22,11.59,12.29,"SRGHFL,"
Industrial Investment Trust Ltd.,IITL,Finance - NBFC,417.58,NSE,184.63,0.03,2,2025-06,7.63,2025-06,60.14,3.76,0.92,2,2025-03,0.01,0.98,1.25,"IITL,"
Worth Investment & Trading Co Ltd.,WORTH,Finance - NBFC,408.53,BSE,11.02,-9.97,1,2025-06,1.9,2025-06,214.56,1.91,10.27,1,2025-03,0.55,6.17,7.09,"WORTH,"
Shardul Securities Ltd.,SHARDUL,Finance - Investment,407.19,BSE,46.50,0.61,2,2025-06,-10.51,2025-06,0,0,0.53,2,2025-03,0.03,4.8,6.53,"SHARDUL,"
Welspun Investments and Commercials Ltd.,WELINV,Finance - Investment,399.69,NSE,1169.80,4.31,1,2025-09,3.35,2025-09,119.17,-9.33,0.55,1,2025-03,0,0.62,0.83,"WELINV,"
Mangal Credit and Fincorp Ltd.,MANCREDIT,Finance - NBFC,383.32,NSE,182.90,2.27,1,2025-06,12.32,2025-06,31.11,7.19,2.45,1,2025-03,1.46,10.07,12.13,"MANCREDIT,"
Naga Dhunseri Group Ltd.,NDGL,Finance - Investment,372.3,NSE,3723.00,0.91,2,2025-06,17.55,2025-06,8.36,0.16,0.29,2,2025-03,0.2,0.71,1.45,"NDGL,"
Bombay Oxygen Investments Ltd.,BOMOXY-B1,Finance - Investment,357.72,BSE,23728.00,-1.41,1,2025-09,-8.77,2025-09,0,0,0.7,1,2025-03,0,3.7,4.03,"BOMOXY-B1,"
Nidhi Granites Ltd.,NIDHGRN,Finance - Others,352.44,BSE,440.55,-1.99,2,2025-06,3.41,2025-06,103.51,,20.59,2,2025-03,0.2,13.78,17.04,"NIDHGRN,"
Quest Capital Markets Ltd.,QUESTCAP,Finance - NBFC,338.1,BSE,338.15,2.45,1,2025-06,19.99,2025-06,16.91,0.97,0.26,1,2025-03,0,1.7,2.2,"QUESTCAP,"
Shalibhadra Finance Ltd.,SAHLIBHFI,Finance - NBFC,334.21,BSE,108.20,0.51,1,2025-06,17.17,2025-06,19.46,0.87,1.84,1,2024-03,0.6,13.87,15.8,"SAHLIBHFI,"
Pune E - Stock Broking Ltd.,PESB,Finance - Stock Broking,331.72,BSE,211.95,2.86,1,2025-03,15.06,2025-03,22.03,,2.58,2,2025-03,0.32,14.07,17.16,"PESB,"
Akme Fintrade (India) Ltd.,AFIL,Finance - NBFC,329.02,NSE,7.55,2.58,1,2025-06,34.24,2025-06,9.61,,0.86,1,2025-03,0.75,11.14,14.4,"AFIL,"
Delphi World Money Ltd.,DELPHIFX,Finance - Others,323.92,NSE,197.41,-0.92,1,2025-06,1.73,2025-06,187.67,-10.36,0.99,1,2025-03,0.12,0.88,2.08,"DELPHIFX,"
Alankit Ltd.,ALANKIT,Finance - Stock Broking,320.24,NSE,11.73,2.18,2,2025-06,20.1,2025-06,18.19,1.59,1.06,2,2025-03,0.04,7.56,11.09,"ALANKIT,"
Almondz Global Securities Ltd.,ALMONDZ,Finance - Stock Broking,318.64,NSE,18.29,3.10,2,2025-06,8.74,2025-06,17.58,0.55,1.32,2,2025-03,0.2,7.63,9,"ALMONDZ,"
Capital Trade Links Ltd.,CTL,Finance - NBFC,318.04,BSE,24.60,-3.23,1,2025-09,8.32,2025-09,38.2,2.01,4.26,1,2025-03,1.86,3.98,7.42,"CTL,"
Mercantile Ventures Ltd.,MERCANTILE,Finance - NBFC,316.62,BSE,28.29,-2.41,2,2025-09,7.86,2025-09,27.59,-3.6,0.98,2,2025-03,0,4.93,4.03,"MERCANTILE,"
Emerald Finance Ltd.,EMERALD,Finance - NBFC,309.03,BSE,89.47,4.34,2,2025-09,11.93,2025-09,25.91,0.55,3.41,2,2024-03,0.31,9.19,12.82,"EMERALD,"
UY Fincorp Ltd.,UYFINCORP,Finance - NBFC,306.28,NSE,16.08,2.75,1,2025-09,17.24,2025-09,17.77,0.53,0.89,1,2025-03,0.02,3.62,5.46,"UYFINCORP,"
Pro Fin Capital Services Ltd.,PROFINC,Finance - NBFC,298.37,BSE,10.07,-5.00,1,2025-09,15.05,2025-09,19.83,-7.99,3.45,1,2024-03,10.94,-1.27,3.75,"PROFINC,"
Starteck Finance Ltd.,STARTECK,Finance - NBFC,298.15,NSE,302.00,0.67,2,2025-06,12.18,2025-06,24.49,0.93,1.25,2,2025-03,0.97,4.73,7.03,"STARTECK,"
Leading Leasing Finance And Investment Co Ltd.,LLFICL,Finance - NBFC,297.33,BSE,5.47,3.80,1,2025-06,9.44,2025-06,31.48,5.32,1.65,1,2024-03,7.76,16.33,4.82,"LLFICL,"
RR Financial Consultants Ltd.,RRFIN,Finance - Investment,291.67,BSE,263.70,5.00,2,2025-06,5.47,2025-06,61.42,0.77,5.41,2,2024-03,0.22,0.94,2.7,"RRFIN,"
Sakthi Finance Ltd.,SAKTHIFIN,Finance - NBFC,283.22,BSE,43.80,-0.25,1,2025-06,16.88,2025-06,16.78,2.02,1.21,1,2025-03,4.83,7.44,10.48,"SAKTHIFIN,"
Regency Fincorp Ltd.,REGENCY,Finance - Investment,277.51,BSE,38.49,0.68,1,2025-09,10.1,2025-09,27.48,0.41,2.09,1,2025-03,1,6.47,7.91,"REGENCY,"
Alacrity Securities Ltd.,ALSL,Finance - Stock Broking,266.8,BSE,56.45,0.80,1,2025-06,11.38,2025-06,23.46,0.77,2.54,1,2025-03,0.05,17.51,21.54,"ALSL,"
Sera Investments & Finance India Ltd.,SERA,Finance - Others,262.36,BSE,39.80,4.52,1,2025-06,-0.82,2025-06,0,0,0.89,1,2024-03,0.29,38.51,28.17,"SERA,"
Rikhav Securities Ltd.,RIKHAV,Finance - Stock Broking,260.35,BSE,67.99,-0.54,1,2025-03,23.93,2025-03,10.88,,1.15,2,2025-03,0,12.97,17.17,"RIKHAV,"
Alfred Herbert (India) Ltd.,ALFREDHE,Finance - NBFC,250.04,BSE,3200.00,0.63,2,2025-06,431.44,2025-06,0.58,0.01,0.46,2,2025-03,0,5.24,5.89,"ALFREDHE,"
Purple Finance Ltd.,PURPLEFIN,Finance - NBFC,249.54,BSE,45.80,2.78,1,2025-09,-15.83,2025-09,0,,2.3,1,2025-03,0.95,-25.19,-13.47,"PURPLEFIN,"
Team India Guaranty Ltd.,TEAMGTY,Finance - Investment,247.31,NSE,263.15,-5.00,1,2025-06,2.35,2025-06,105.33,8.77,5.12,1,2025-03,0,5.04,6.04,"TEAMGTY,"
Innovassynth Investments Ltd.,INOVSYNTH,Finance - NBFC,244.95,BSE,87.82,-2.42,2,2025-06,-1.2,2025-06,0,,5.83,2,2025-03,0.1,-11.97,-9.93,"INOVSYNTH,"
Mangalam Industrial Finance Ltd.,MANGIND,Finance - NBFC,243.78,BSE,1.69,-1.17,1,2025-06,1.29,2025-06,189.27,3.03,3.13,1,2025-03,0,4.25,6.98,"MANGIND,"
Gourmet Gateway India Ltd.,GOURMET,Finance - Investment,243,BSE,16.29,4.96,2,2025-06,-2,2025-06,0,,3.91,2,2025-03,0.17,-4.45,8.22,"GOURMET,"
Sellwin Traders Ltd.,SELLWIN,Finance - Investment,240.26,BSE,10.23,-4.30,2,2025-06,5.24,2025-06,45.88,,3.43,2,2024-03,0.01,5.52,5.67,"SELLWIN,"
Comfort Intech Ltd.,COMFINTE,Finance - NBFC,239.95,BSE,7.51,-0.53,2,2025-06,7,2025-06,29.38,0.61,1.32,2,2024-03,0.17,4.67,6.77,"COMFINTE,"
IL&FS Investment Managers Ltd.,IVC,Finance - Investment,236.78,NSE,7.50,-1.19,1,2025-06,0.94,2025-06,252.97,10.48,2.62,2,2025-03,0,6.99,7.18,"IVC,"
Gamco Ltd.,GAMCO,Finance - NBFC,231.15,BSE,42.79,4.16,2,2025-09,-16.31,2025-09,0,0,2.2,2,2025-03,1.52,6.74,7,"GAMCO,"
Arunjyoti Bio Ventures Ltd.,ABVL,Finance - Investment,230.93,BSE,12.39,0.81,1,2025-09,-1.97,2025-09,0,,6.82,1,2025-03,0.79,-10.67,4.07,"ABVL,"
Star Housing Finance Ltd.,STARHFL,Finance - Housing,227.28,BSE,16.19,-0.18,1,2025-06,9.47,2025-06,24.01,1.4,0.99,1,2025-03,3.13,9.09,12.13,"STARHFL,"
Iconik Sports And Events Ltd.,ICONIKSPEV,Finance - Investment,225.05,BSE,66.50,-0.75,1,2025-06,1.09,2025-06,206.28,1.07,3.53,1,2025-03,0.12,15.04,16.6,"ICONIKSPEV,"
Garnet International Ltd.,GARNETINT,Finance - Investment,213.83,BSE,109.70,8.08,2,2025-06,1.56,2025-06,104.71,6.37,7.05,2,2025-03,0.1,5.46,4.27,"GARNETINT,"
Paul Merchants Ltd.,PML,Finance - Investment,202.22,BSE,658.00,0.44,2,2025-06,27.54,2025-06,0.6,0.03,0.32,2,2025-03,0.04,-2.06,-1.06,"PML,"
Yash Trading & Finance Ltd.,YASTF,Finance - Investment,201.65,BSE,201.65,0.00,1,2025-06,-0.32,2025-06,0,,20.44,1,2024-03,-1.1,0,-27.99,"YASTF,"
Swastika Investmart Ltd.,SWASTIKA,Finance - Stock Broking,190.86,BSE,95.00,-0.63,2,2025-09,13.04,2025-09,14.74,0.15,1.46,2,2025-03,0.05,22.2,32.59,"SWASTIKA,"
Keynote Financial Services Ltd.,KEYFINSERV,Finance - Investment,190.24,NSE,341.55,-4.50,2,2025-06,11.92,2025-06,9.9,0.25,1.3,2,2025-03,0.01,8.18,9.27,"KEYFINSERV,"
Usha Financial Services Ltd.,USHAFIN,Finance - NBFC,187.6,NSE,43.15,0.35,1,2025-03,13.8,2025-03,13.59,,0.81,1,2025-03,0.87,8.7,12.38,"USHAFIN,"
Escorp Asset Management Ltd.,ESCORP,Finance - Asset Management,185.65,BSE,167.00,-4.98,1,2025-03,16.28,2025-03,11.4,0.02,2.75,1,2025-03,0,28.08,32.97,"ESCORP,"
Jhaveri Credits & Capital Ltd.,JHACC,Finance - Stock Broking,185.54,BSE,201.95,0.95,1,2025-06,2.65,2025-06,70.04,1.11,2.12,1,2025-03,0,2.9,3.19,"JHACC,"
Som Datt Finance Corporation Ltd.,SODFC,Finance - Investment,183.66,BSE,108.65,3.97,1,2025-06,-5.23,2025-06,0,,2.24,1,2025-03,0,-16.63,-17.84,"SODFC,"
KIFS Financial Services Ltd.,KIFS,Finance - NBFC,179.63,BSE,166.05,-6.56,1,2025-06,8.24,2025-06,21.81,1.42,3.06,1,2025-03,5.82,15.01,9.37,"KIFS,"
Indbank Merchant Banking Services Ltd.,INDBANK,Finance - Stock Broking,171.17,NSE,38.43,-1.56,1,2025-09,6.31,2025-09,27.14,0.84,1.79,1,2025-03,0,9.67,13.44,"INDBANK,"
Upsurge Investment & Finance Ltd.,UPSURGE,Finance - NBFC,170,BSE,84.05,-4.02,1,2025-06,19.14,2025-06,8.88,0.21,1.52,1,2025-03,0,21.03,26.13,"UPSURGE,"
IBL Finance Ltd.,IBLFL,Finance - NBFC,168.29,NSE,68.05,,1,2025-03,2.36,2025-03,71.45,,2.87,1,2025-03,0.75,4.1,7.54,"IBLFL,"
Coral India Finance & Housing Ltd.,CORALFINAC,Finance - NBFC,163.18,NSE,40.29,-2.70,1,2025-06,15.15,2025-06,10.77,0.64,0.72,1,2025-03,0,8.65,10.48,"CORALFINAC,"
Available Finance Ltd.,AVAILFC,Finance - NBFC,159.43,BSE,154.70,-0.51,2,2025-06,0.2,2025-06,1.5,0.09,0.13,2,2025-03,0,0.02,0.03,"AVAILFC,"
Apollo Finvest (India) Ltd.,APOLLOFI,Finance - Investment,158.81,BSE,425.00,-5.27,1,2025-09,6.51,2025-09,24.41,14.53,2.28,1,2025-03,0.41,11.33,15.45,"APOLLOFI,"
Munoth Capital Markets Ltd.,MUNCAPM,Finance - Stock Broking,154.91,BSE,169.00,,1,2025-06,-0.01,2025-06,0,0,26.87,1,2024-03,0.01,-4.2,-4.02,"MUNCAPM,"
Standard Capital Markets Ltd.,STANCAP,Finance - NBFC,154.64,BSE,0.63,5.00,2,2025-06,40.85,2025-06,3.79,,0.42,2,2024-03,1.54,6.65,6.48,"STANCAP,"
Milgrey Finance & Investments Ltd.,ZMILGFIN,Finance - Investment,152.99,BSE,71.02,-4.99,1,2024-12,0.84,2024-12,183.22,11.59,4.36,1,2024-03,0.87,0.11,0.17,"ZMILGFIN,"
Inventure Growth & Securities Ltd.,INVENTURE,Finance - Stock Broking,152.25,NSE,1.44,0.00,2,2025-09,3.86,2025-09,39.44,0.36,0.55,2,2025-03,0.12,0.84,3.79,"INVENTURE,"
Sangam Finserv Ltd.,SANGAMFIN,Finance - NBFC,150.93,BSE,34.60,5.17,1,2025-06,8.67,2025-06,17.42,-2.83,1.1,1,2024-03,0.21,6.42,9.22,"SANGAMFIN,"
Ganges Securities Ltd.,GANGESSECU,Finance - Investment,150.06,NSE,150.71,0.23,2,2025-06,5.57,2025-06,26.94,-7.67,0.22,2,2025-03,0,0.83,0.93,"GANGESSECU,"
Reliance Home Finance Ltd.,RHFL,Finance - Housing,149.88,NSE,3.07,-3.76,1,2025-03,24.17,2025-03,6.2,0.42,-2.57,1,2023-03,-1.1,0,250.03,"RHFL,"
LKP Securities Ltd.,LKPSEC,Finance - Stock Broking,148.91,BSE,18.08,-1.42,2,2025-09,11.67,2025-09,12.76,0.25,1.52,2,2025-03,0.47,15.36,23.18,"LKPSEC,"
Steel City Securities Ltd.,STEELCITY,Finance - Stock Broking,148.25,NSE,98.13,-0.25,2,2025-09,14.56,2025-09,9.89,0.51,1.11,2,2025-03,0.03,13.2,18.2,"STEELCITY,"
Tamboli Industries Ltd.,TAMBOLIIN,Finance - Investment,146.96,BSE,151.00,1.10,2,2025-06,7.59,2025-06,19.35,1.41,1.28,2,2025-03,0.06,6.9,9.72,"TAMBOLIIN,"
Sunshine Capital Ltd.,SCL,Finance - NBFC,146.42,BSE,0.28,3.70,2,2025-06,26.76,2025-06,5.47,,0.19,2,2025-03,0,-0.18,-0.09,"SCL,"
Tilak Ventures Ltd.,TILAK,Finance - Investment,137.72,BSE,3.10,0.98,1,2025-09,8.06,2025-09,17.1,,0.96,2,2024-03,0.03,6.82,9.09,"TILAK,"
Jagsonpal Services Ltd.,JAGSONFI,Finance - NBFC,137.43,BSE,75.49,2.03,1,2025-09,-2.94,2025-09,0,0,9.76,1,2025-03,0,-8.33,-8.33,"JAGSONFI,"
Sonal Mercantile Ltd.,SONAL,Finance - NBFC,136.33,BSE,92.50,-0.93,2,2025-06,10.01,2025-06,4.13,0.11,0.38,2,2025-03,0.72,3.1,5.69,"SONAL,"
Credent Global Finance Ltd.,CGFL,Finance - NBFC,136.01,BSE,26.37,-2.33,2,2025-06,3.04,2025-06,42.89,,1.81,2,2025-03,0.26,-9.14,-4.07,"CGFL,"
Ascom Leasing & Investments Ltd.,ASCOM,Finance - NBFC,135.88,NSE,116.00,0.00,1,2025-03,5.11,2025-03,26.58,12.54,3.04,1,2024-03,0.05,11.78,15.73,"ASCOM,"
PMC Fincorp Ltd.,PMCFIN,Finance - Investment,135.3,BSE,1.91,-0.52,1,2025-06,14.11,2025-06,9.59,0.16,0.84,1,2025-03,0.29,10.96,11.32,"PMCFIN,"
Softrak Venture Investment Ltd.,SOFTRAKV,Finance - Investment,133.88,BSE,2.97,3.48,1,2025-03,0.36,2025-03,371.89,6.42,2.95,1,2024-03,0,4.9,6.5,"SOFTRAKV,"
Beacon Trusteeship Ltd.,BEACON,Finance - Investment,129.98,NSE,71.95,-1.71,1,2025-03,5.75,2025-03,22.61,,2.88,2,2025-03,0,16.91,23.52,"BEACON,"
RSD Finance Ltd.,RSDFIN,Finance - NBFC,129.21,BSE,100.30,-2.57,2,2025-06,18.7,2025-06,9.11,0.75,0.61,2,2024-03,0.13,9.12,11.29,"RSDFIN,"
Maha Rashtra Apex Corporation Ltd.,MAHAPEXLTD,Finance - Investment,129.08,NSE,92.48,-1.82,2,2025-06,13.53,2025-06,4.1,-1.42,0.28,2,2025-03,0,4.31,5.22,"MAHAPEXLTD,"
Baid Finserv Ltd.,BAIDFIN,Finance - NBFC,122.35,NSE,10.13,-1.55,1,2025-06,14.34,2025-06,8.53,0.71,0.67,1,2025-03,1.43,7.78,11.26,"BAIDFIN,"
Stellant Securities (India) Ltd.,STELLANT,Finance - NBFC,120.09,BSE,324.35,4.98,1,2025-09,31.22,2025-09,3.85,0.1,3.64,1,2025-03,0,92.4,106.8,"STELLANT,"
Dharni Capital Services Ltd.,DHARNI,Finance - Asset Management,118.15,BSE,58.00,,1,2025-03,3.22,2025-03,36.74,,5.81,2,2025-03,0.1,19.66,24.98,"DHARNI,"
Palash Securities Ltd.,PALASHSECU,Finance - Investment,117.89,NSE,115.43,-0.69,2,2025-06,-17.39,2025-06,0,,0.21,2,2025-03,0.04,-3.46,-2.7,"PALASHSECU,"
Optimus Finance Ltd.,OPTIFIN,Finance - NBFC,117.84,BSE,15.77,-1.19,2,2025-06,9.74,2025-06,20.35,0.69,1.97,2,2025-03,0.4,19.96,21.16,"OPTIFIN,"
TruCap Finance Ltd.,TRU,Finance Term Lending,117.08,NSE,9.83,-3.91,2,2025-06,-74.86,2025-06,0,,0.84,2,2025-03,3.52,-34.29,3.48,"TRU,"
Assam Entrade Ltd.,ASSAMENT,Finance - Investment,116.61,BSE,809.90,4.96,2,2025-06,3.25,2025-06,35.92,2.47,1.77,2,2025-03,0,4.75,6.69,"ASSAMENT,"
Inter Globe Finance Ltd.,INTRGLB,Finance - NBFC,116.49,BSE,85.88,-2.00,1,2025-06,-5.68,2025-06,0,0,0.98,1,2025-03,0.03,3.23,4.81,"INTRGLB,"
Tomorrow Technologies Global Innovations Ltd.,TTGIL,Finance - Investment,116.07,BSE,10.29,1.68,2,2025-03,-4.88,2025-03,0,,7.57,2,2025-03,0,-32.33,-32.31,"TTGIL,"
Indian Infotech & Software Ltd.,INDINFO,Finance - Investment,115.53,BSE,0.69,-1.43,1,2025-06,-7.5,2025-06,0,0,0.37,1,2024-03,0,0.68,0.93,"INDINFO,"
Gujarat State Financial Corporation Ltd.,GUJSTATFIN,Finance Term Lending,113.26,BSE,12.73,-0.31,1,2025-06,-125.14,2025-06,0,0,-0.04,1,2025-03,-0.22,0,0,"GUJSTATFIN,"
Saumya Consultants Ltd.,SAUMYA,Finance - NBFC,107.54,BSE,155.70,4.92,1,2025-06,9.64,2025-06,11.16,0.34,0.83,1,2025-03,0.01,8.11,7.71,"SAUMYA,"
Haryana Capfin Ltd.,HARYNACAP,Finance - Investment,106.31,BSE,204.10,,1,2025-06,5.08,2025-06,20.94,0.95,0.32,1,2024-03,0,0.97,1.3,"HARYNACAP,"
Prithvi Exchange (India) Ltd.,PRITHVIEXCH,Finance - Others,105.27,BSE,127.60,1.63,2,2025-09,3.05,2025-09,31.39,,2.07,2,2025-03,0.07,17.37,23.94,"PRITHVIEXCH,"
Wallfort Financial Services Ltd.,WALLFORT,Finance - Investment,103.75,BSE,106.00,-1.94,1,2025-06,7.31,2025-06,14.19,0.7,0.59,1,2025-03,0,7.72,9.68,"WALLFORT,"
Corporate Merchant Bankers Ltd.,CMBL,Finance - Investment,103.69,BSE,314.20,2.00,1,2025-03,2.16,2025-03,47.94,0.16,17.68,1,2023-03,0.02,-0.24,-0.24,"CMBL,"
ACME Resources Ltd.,ACME,Finance - NBFC,103.26,BSE,40.16,0.25,2,2025-06,3.84,2025-06,26.95,0.65,0.78,2,2024-03,0.09,1.35,2.11,"ACME,"
Titan Securities Ltd.,TITANSEC,Finance - Investment,102.64,BSE,41.49,1.69,2,2025-06,0.98,2025-06,9.83,0.27,1.01,2,2025-03,0,1.19,1.58,"TITANSEC,"
My Mudra Fincorp Ltd.,MYMUDRA,Finance - Housing,101.96,NSE,89.50,0.06,1,2025-03,9.01,2025-03,11.32,,1.91,1,2025-03,0.07,25.81,31.36,"MYMUDRA,"
F Mec International Financial Services Ltd.,FMEC,Finance - NBFC,100.3,BSE,114.00,-1.13,1,2025-06,1.61,2025-06,62.26,0.73,7.05,1,2024-03,0.17,9.73,11.6,"FMEC,"
The Motor & General Finance Ltd.,MOTOGENFIN,Finance - NBFC,99.61,NSE,25.71,-1.34,2,2025-06,0.75,2025-06,139.12,8,1.99,2,2025-03,0,1.61,1.99,"MOTOGENFIN,"
Vibrant Global Capital Ltd.,VGCL,Finance - Investment,99.14,BSE,43.50,5.35,2,2025-06,-8.99,2025-06,0,0,0.64,2,2024-03,0.2,36.52,33.58,"VGCL,"
Chartered Capital & Investment Ltd.,CHRTEDCA,Finance - Investment,98.71,BSE,327.75,-5.00,1,2025-06,6.38,2025-06,15.47,0.23,0.58,1,2025-03,0.02,3.26,4.96,"CHRTEDCA,"
Fynx Capital Ltd.,FYNX,Finance - NBFC,98.28,BSE,49.14,-1.99,1,2025-09,-2.61,2025-09,0,,5.27,1,2024-03,0.08,-20.05,-23.39,"FYNX,"
Ramsons Projects Ltd.,RAMSONS,Finance - NBFC,95.94,BSE,319.10,4.98,1,2025-06,5.66,2025-06,16.96,0.17,5.86,1,2025-03,0,22.77,27.4,"RAMSONS,"
Supra Pacific Financial Services Ltd.,SUPRAPFSL,Finance - NBFC,95.44,BSE,28.67,3.50,1,2025-06,2.28,2025-06,41.82,0.59,1.32,1,2024-03,1.74,1.79,9.1,"SUPRAPFSL,"
Sodhani Capital Ltd.,SODHACAP,Finance - Others,93.71,BSE,117.95,4.24,1,,,2025-03,42.91,,5.84,1,2025-03,0.01,34.53,47.21,"SODHACAP,"
BLB Ltd.,BLBLIMITED,Finance - Stock Broking,91.4,NSE,17.04,-2.63,1,2025-09,12.52,2025-09,7.3,0.21,0.78,1,2025-03,0,3.99,6.58,"BLBLIMITED,"
Caspian Corporate Services Ltd.,CASPIAN,Finance - Others,90.77,BSE,7.25,1.54,2,2025-06,-0.45,2025-06,0,,3.12,2,2024-03,1.41,34.12,20.63,"CASPIAN,"
Capital Trust Ltd.,CAPTRUST,Finance - NBFC,88.82,NSE,25.95,-3.46,1,2025-06,-7.95,2025-06,0,0,0.87,1,2025-03,1.18,1.37,12.24,"CAPTRUST,"
DB (International) Stock Brokers Ltd.,DBSTOCKBRO,Finance - Stock Broking,87.99,NSE,24.95,-0.20,2,2025-09,4.36,2025-09,20.14,1.19,1.19,2,2025-03,0.04,8.37,12.52,"DBSTOCKBRO,"
Advik Capital Ltd.,ADVIKCA,Finance - NBFC,87.02,BSE,1.43,-1.38,2,2025-09,7.2,2025-09,12.09,0.09,0.5,2,2024-03,0.7,7.42,10.17,"ADVIKCA,"
WSFX Global Pay Ltd.,WSFX,Finance - NBFC,86.12,BSE,68.50,-10.06,1,2025-09,3.13,2025-09,27.55,0.51,2.22,1,2025-03,0.09,10.44,23.12,"WSFX,"
Trustedge Capital Ltd.,TRUSTEDGE,Finance - Investment,84.39,BSE,91.45,4.36,1,2025-09,-0.39,2025-09,0,0,1.55,1,2025-03,0,0.79,1.05,"TRUSTEDGE,"
Abhinav Capital Services Ltd.,ABHICAP,Finance - NBFC,84.34,BSE,121.80,5.00,1,2025-09,2.26,2025-09,37.24,12.58,1.1,1,2024-03,0.49,13.47,16.26,"ABHICAP,"
DhanSafal Finserve Ltd.,DHANSAFAL,Finance - NBFC,83.28,BSE,3.90,-3.70,1,2025-06,-0.1,2025-06,0,0,1.5,1,2025-03,0.24,1.26,1.95,"DHANSAFAL,"
HB Portfolio Ltd.,HBPOR,Finance - Investment,83.11,BSE,77.50,1.64,2,2025-06,-0.94,2025-06,0,0,0.3,2,2025-03,0,0.07,0.8,"HBPOR,"
SKP Securities Ltd.,SKPSEC,Finance - Investment,82.39,BSE,121.00,2.24,1,2025-09,8.61,2025-09,9.57,0.09,1.5,1,2025-03,0.2,21.59,27.53,"SKPSEC,"
DAR Credit & Capital Ltd.,DCCL,Finance - NBFC,82.09,NSE,57.50,,1,2025-03,7.04,2025-03,11.65,,0.83,1,2025-03,1.97,10.03,12.81,"DCCL,"
Mukesh Babu Financial Services Ltd.,MUKESHB,Finance - NBFC,82.08,BSE,117.75,-0.34,2,2025-09,-0.12,2025-09,52.52,-2.13,0.26,2,2025-03,0.13,0.17,1.4,"MUKESHB,"
Mena Mani Industries Ltd.,MENAMANI,Finance - Investment,81.28,BSE,8.10,,1,2025-06,0.38,2025-06,213.9,13.62,-157.28,1,2024-03,-20.17,0,4.55,"MENAMANI,"
Pioneer Investcorp Ltd.,PIONRINV,Finance - Investment,79.03,BSE,63.50,-3.23,2,2025-06,6.09,2025-06,9.62,0.47,0.5,2,2025-03,0.92,5.22,8.61,"PIONRINV,"
Ladderup Finance Ltd.,LADDERUP,Finance - NBFC,77.38,BSE,73.10,-3.51,2,2025-06,1.24,2025-06,27.07,0.5,1.02,2,2025-03,0.29,5.56,8.85,"LADDERUP,"
BN Rathi Securities Ltd.,BNRSEC,Finance - Stock Broking,77.19,BSE,18.68,-0.05,2,2025-06,7.36,2025-06,10.55,0.26,1.07,2,2025-03,0,14.07,20.19,"BNRSEC,"
Kreon Finnancial Services Ltd.,KREONFIN,Finance - NBFC,76.8,BSE,37.98,1.77,1,2025-09,1.31,2025-09,58.41,81.12,2.1,1,2025-03,1.02,-12.98,-1.99,"KREONFIN,"
My Money Securities Ltd.,MYMONEY,Finance - Stock Broking,74.66,BSE,44.40,-4.97,1,2025-06,-4.3,2025-06,0,0,2.89,1,2025-03,0.02,29.77,44.04,"MYMONEY,"
3P Land Holdings Ltd.,3PLAND,Finance - Investment,73.76,NSE,41.16,-0.91,2,2025-09,2.12,2025-09,34.83,-3.07,0.44,2,2025-03,0,1.75,2.31,"3PLAND,"
JA Finance Ltd.,JAFINANCE,Finance - Investment,73.6,BSE,69.12,5.00,1,2025-06,-0.14,2025-06,0,,3.64,1,2025-03,0.2,-0.21,5.63,"JAFINANCE,"
Banas Finance Ltd.,BANASFN,Finance - NBFC,73.45,BSE,8.21,0.86,2,2025-06,-9.03,2025-06,0,,0.38,2,2025-03,0,-15.31,-21.72,"BANASFN,"
Biogen Pharmachem Industries Ltd.,BIOGEN,Finance - Others,73.11,BSE,0.81,0.00,1,2025-09,1.72,2025-09,42.56,,0.74,1,2025-03,0,-0.52,-0.36,"BIOGEN,"
Aastamangalam Finance Ltd.,AASTAFIN,Finance - NBFC,72.99,BSE,46.98,9.00,1,2025-06,8.14,2025-06,8.97,0.04,0.95,1,2025-03,0.6,14.8,13.02,"AASTAFIN,"
Joindre Capital Services Ltd.,JOINDRE,Finance - Stock Broking,72.84,BSE,52.95,2.82,2,2025-06,7.27,2025-06,10.02,0.19,0.89,2,2025-03,0,13.12,17.67,"JOINDRE,"
Comfort Fincap Ltd.,COMFINCAP,Finance - NBFC,71.67,BSE,8.19,0.37,2,2025-09,6.26,2025-09,11.44,0.35,0.75,2,2025-03,0.26,7.41,9.91,"COMFINCAP,"
Virat Leasing Ltd.,VLL,Finance - NBFC,71.08,BSE,27.38,-4.93,1,2025-06,-0.39,2025-06,0,,4.6,1,2025-03,0.06,-1.94,-1.55,"VLL,"
HB Stockholdings Ltd.,HBSL,Finance - NBFC,70.97,NSE,98.82,18.80,2,2025-06,-11.01,2025-06,0,0,0.73,2,2025-03,0.15,-12.51,-9.27,"HBSL,"
Dhanlaxmi Cotex Ltd.,DHANCOT,Finance - Investment,70.63,BSE,145.00,-3.46,1,2025-06,3.86,2025-06,18.3,1.53,0.98,1,2025-03,0,8.02,9.78,"DHANCOT,"
Nexome Capital Markets Ltd.,NEXOME,Finance - Investment,70.52,BSE,120.00,-1.76,2,2025-09,2.82,2025-09,24.99,0.3,0.45,2,2025-03,0.02,0.84,1.49,"NEXOME,"
Regis Industries Ltd.,REGIS,Finance - NBFC,70.47,BSE,2.73,0.00,1,2025-06,1.53,2025-06,46.06,,1.94,1,2025-03,0,-1.27,-1.27,"REGIS,"
Morgan Ventures Ltd.,MORGAN,Finance - NBFC,69.89,BSE,70.70,0.90,1,2025-06,22.52,2025-06,3.1,0.02,0.77,1,2025-03,1.92,33.51,18.9,"MORGAN,"
Transwarranty Finance Ltd.,TFL,Finance - NBFC,69.63,NSE,12.70,-4.08,2,2025-06,-3.82,2025-06,0,0,2.3,2,2025-03,1.32,-17.66,-1.62,"TFL,"
GACM Technologies Ltd.,GATECH,Finance - Stock Broking,69.47,NSE,0.61,-1.61,2,2025-06,7.02,2025-06,9.9,,0.83,2,2025-03,0,14.53,16.43,"GATECH,"
Bampsl Securities Ltd.,BAMPSL,Finance - Investment,68.92,BSE,20.15,-1.23,1,2025-09,2.34,2025-09,29.5,0.8,1.7,1,2025-03,0,3.49,4.7,"BAMPSL,"
Toyam Sports Ltd.,TOYAMSL,Finance - Stock Broking,67.6,BSE,1.18,-0.84,2,2025-06,-52.3,2025-06,0,,0.23,2,2024-03,0,5.26,4.46,"TOYAMSL,"
Apoorva Leasing Finance And Investment Company Ltd,APOORVA,Finance - Investment,67.5,BSE,33.79,,2,2024-12,0.36,2024-12,132.08,-8.67,0.45,2,2024-03,0,1.33,1.78,"APOORVA,"
Lords Mark Industries Ltd.,LORDSMARK,Finance - NBFC,66.97,BSE,669.70,,1,2025-06,-6.71,2025-06,0,,-26.83,1,2024-03,0.28,-20.04,-8.49,"LORDSMARK,"
Mefcom Capital Markets Ltd.,MEFCOMCAP,Finance - Investment,66.4,BSE,14.81,1.51,2,2025-06,2.06,2025-06,36.57,-2.14,2.63,2,2025-03,0.41,-10.08,-6.94,"MEFCOMCAP,"
Annvrridhhi Ventures Ltd.,ANVRDHI,Finance - Investment,65.72,BSE,12.17,12.79,1,2025-06,0.35,2025-06,187.77,1.89,1.37,1,2024-03,0,-31.89,-31.73,"ANVRDHI,"
Gujarat Credit Corporation Ltd.,GUJCRED,Finance - NBFC,65.5,BSE,26.20,0.00,2,2025-06,-0.29,2025-06,0,,2.35,2,2025-03,1.09,-2.29,-1,"GUJCRED,"
Real Touch Finance Ltd.,RTFL,Finance - Investment,65.37,BSE,51.50,,1,2025-06,4.91,2025-06,13.32,0.41,1.37,1,2025-03,3.54,10.44,10.11,"RTFL,"
ARC Finance Ltd.,ARCFIN,Finance - NBFC,65.36,BSE,0.75,-1.32,1,2024-12,6.84,2025-03,19.73,1,0.66,1,2025-03,0.01,4.43,7.43,"ARCFIN,"
Hybrid Financial Services Ltd.,HYBRIDFIN,Finance - NBFC,65.17,NSE,22.41,4.87,2,2025-09,3.21,2025-09,20.32,0.44,1.49,2,2025-03,0.04,11.09,10.68,"HYBRIDFIN,"
Ceejay Finance Ltd.,CEEJAY,Finance - NBFC,64,BSE,185.50,-4.87,1,2025-06,6.75,2025-06,9.48,1.33,0.82,1,2025-03,0.62,9.36,11.73,"CEEJAY,"
ICDS Ltd.,ICDSLTD,Finance - NBFC,63.83,NSE,47.30,-1.87,2,2025-06,2.08,2025-06,30.63,1.02,2.37,2,2025-03,0.01,5.65,12.02,"ICDSLTD,"
ISL Consulting Ltd.,ISLCONSUL,Finance - Stock Broking,63.58,BSE,27.08,0.18,1,2025-06,-1.83,2025-06,0,,4.46,1,2025-03,0,-12.48,-12.46,"ISLCONSUL,"
Veeram Securities Ltd.,VSL,Finance - Others,63.24,BSE,8.37,0.97,1,2025-09,4.7,2025-09,13.46,0.53,2.13,1,2024-03,0,11.82,15.83,"VSL,"
Sai Capital Ltd.,SAICAPI,Finance - Investment,62.67,BSE,218.00,2.81,2,2025-06,12.07,2025-06,5.28,-0.28,0.18,2,2025-03,0.05,3.11,4.69,"SAICAPI,"
Srestha Finvest Ltd.,SRESTHA,Finance - Investment,60.68,BSE,0.37,0.00,1,2025-06,-63.82,2025-06,0,,0.35,1,2024-03,0.37,1.77,4.13,"SRESTHA,"
Dhruva Capital Services Ltd.,DHRUVCA,Finance - NBFC,60.24,BSE,148.30,-0.47,1,2025-06,0.94,2025-06,64.15,,5.46,1,2025-03,0.48,10.88,12.49,"DHRUVCA,"
Lakshmi Finance & Industrial Corporation Ltd.,LFIC,Finance - NBFC,60.22,NSE,200.74,-0.33,1,2025-06,2.55,2025-06,23.6,1.15,0.96,1,2024-03,0,20.11,24.86,"LFIC,"
Elixir Capital Ltd.,ELIXIR,Finance - Investment,59.92,BSE,103.40,1.32,2,2025-06,7.74,2025-06,10.51,0.3,0.99,2,2025-03,0.55,24.03,25.05,"ELIXIR,"
SPA Capital Services Ltd.,SPACAPS,Finance - Investment,59.72,BSE,194.25,5.00,1,2025-06,0.58,2025-06,103.14,,3.47,2,2024-03,1.45,2.29,1.46,"SPACAPS,"
Odyssey Corporation Ltd.,ODYCORP,Finance - Investment,59.66,BSE,8.01,-1.72,2,2025-06,5.14,2025-06,24.4,0.52,0.37,2,2025-03,0.05,3.24,3.76,"ODYCORP,"
Gowra Leasing & Finance Ltd.,GOWRALE,Finance - NBFC,59.22,BSE,108.57,5.00,1,2025-09,5.81,2025-09,10.2,0.22,1.65,1,2025-03,0.64,16.9,18.32,"GOWRALE,"
JMJ Fintech Ltd.,JMJFIN,Finance - NBFC,56.91,BSE,15.30,0.39,1,2025-06,4.49,2025-06,12.67,0.17,1.1,1,2025-03,0.89,26.38,31.26,"JMJFIN,"
NCL Research & Financial Services Ltd.,NCLRESE,Finance - NBFC,56.73,BSE,0.54,0.00,1,2025-06,2.51,2025-06,22.64,,0.49,1,2025-03,0,-1.21,-0.56,"NCLRESE,"
PH Capital Ltd.,PHCAP,Finance - Investment,55.92,BSE,185.00,-2.63,1,2025-06,13.64,2025-06,4.1,0.11,0.91,1,2025-03,0.01,15.6,21.79,"PHCAP,"
Modern Engineering And Projects Ltd.,MEAPL,Finance - Investment,54.63,BSE,35.36,-4.17,1,2025-06,7.99,2025-06,6.83,0.06,0.94,1,2025-03,0.1,26.36,23.52,"MEAPL,"
India Home Loan Ltd.,INDIAHOME,Finance - Housing,54.26,BSE,38.18,4.49,1,2025-06,0.16,2025-06,350.04,-9.39,1.31,1,2025-03,1.19,0.66,8.47,"INDIAHOME,"
Bridge Securities Ltd.,BRIDGESE,Finance - Investment,53.77,BSE,13.75,-0.36,1,2025-09,1.08,2025-09,49.74,1.68,9.66,1,2025-03,0,80.44,90.47,"BRIDGESE,"
Gogia Capital Growth Ltd.,GOGIACAPGL,Finance - Stock Broking,53.73,BSE,85.00,,1,2025-06,-0.93,2025-06,0,0,1.88,1,2024-03,0.04,-63.01,-47.54,"GOGIACAPGL,"
Savani Financials Ltd.,SAVFI,Finance - NBFC,53.57,BSE,16.98,4.11,1,2025-06,-9.75,2025-06,0,,1.43,1,2025-03,0.12,-43.86,-36.83,"SAVFI,"
Shri Niwas Leasing And Finance Ltd.,SHRINIWAS,Finance - Investment,53.46,BSE,12.16,,1,2025-06,-114.05,2025-06,0,0,-0.74,1,2025-03,-1,0,0,"SHRINIWAS,"
Sita Enterprises Ltd.,SITAENT,Finance - NBFC,52.78,BSE,175.95,-1.04,1,2025-09,3.97,2025-09,13.31,0.89,3.02,1,2025-03,0,7.53,8.32,"SITAENT,"
Futuristic Solutions Ltd.,FUTSOL,Finance - NBFC,52.37,BSE,50.00,-6.89,1,2025-06,0,2025-06,0,0,3.43,1,2025-03,0.03,-0.4,-0.11,"FUTSOL,"
East West Freight Carriers Ltd.,EASTWEST,Finance - Investment,52.18,BSE,4.09,-0.49,2,2025-06,0.57,2025-06,146.16,-139.2,0.78,2,2024-03,0.87,10.64,14.43,"EASTWEST,"
Ajcon Global Services Ltd.,AJCON,Finance - Investment,51.87,BSE,8.16,-0.37,2,2025-06,0.41,2025-06,134.37,7.21,2.19,2,2025-03,0.43,2.47,4.71,"AJCON,"
Arnold Holdings Ltd.,ARNOLD,Finance - NBFC,51.45,BSE,21.64,-1.64,1,2025-06,3.81,2025-06,13.52,0.49,0.81,1,2025-03,1.4,9.25,9.32,"ARNOLD,"
Sugal & Damani Share Brokers Ltd.,SUGALDAM,Finance - Stock Broking,51.13,BSE,82.00,-6.82,1,2025-06,5.35,2025-06,9.56,0.48,1.83,1,2024-03,0.18,11.46,15.84,"SUGALDAM,"
Madhusudan Securities Ltd.,MADHUSE,Finance - Investment,50.96,BSE,24.45,2.82,1,2025-06,-0.24,2025-06,0,,0.29,1,2024-03,0,0.11,0.14,"MADHUSE,"
21st Century Management Services Ltd.,21STCENMGM,Finance - Investment,50.57,NSE,47.89,1.98,2,2025-09,-20.09,2025-09,0,0,0.95,2,2025-03,0,23.66,37.51,"21STCENMGM,"
Marg Techno Projects Ltd.,MTPL,Finance - NBFC,49.84,BSE,49.85,3.85,1,2025-06,0.46,2025-06,108.11,7.44,3.92,1,2024-03,2.57,2.07,7.99,"MTPL,"
Key Corp Ltd.,KEYCORP,Finance - NBFC,49.67,BSE,83.00,2.12,1,2025-09,-4.61,2025-09,0,0,0.68,1,2025-03,0,6.59,6.57,"KEYCORP,"
Pan India Corporation Ltd.,PANINDIAC,Finance - Investment,49.28,BSE,2.30,0.00,1,2025-09,-4.04,2025-09,0,,5.79,1,2025-03,0,-36.36,-36.35,"PANINDIAC,"
Salem Erode Investments Ltd.,SALEM,Finance - NBFC,48.16,BSE,42.00,5.00,1,2025-06,-4.41,2025-06,0,,2.62,1,2025-03,0.65,-21.72,-6.95,"SALEM,"
Capfin India Ltd.,CAPFIN,Finance - Investment,47.73,BSE,162.45,,1,2025-06,-0.09,2025-06,0,0,7.58,1,2024-03,0,-16.35,-23.55,"CAPFIN,"
Indus Finance Ltd.,INDUSFINL,Finance - NBFC,47.66,BSE,51.50,1.78,1,2025-09,0.43,2025-09,110.07,1.66,2.72,1,2025-03,1.14,5.99,8.99,"INDUSFINL,"
Ad-Manum Finance Ltd.,ADMANUM,Finance - NBFC,47.33,BSE,63.11,-1.44,1,2025-09,9.49,2025-09,4.99,0.39,0.54,1,2025-03,0.1,11.8,15.23,"ADMANUM,"
Mask Investments Ltd.,MASKINVEST,Finance - Investment,46.75,NSE,153.20,-4.25,1,2025-06,0,2025-06,0,0,0.48,1,2024-03,0.01,0.02,0.04,"MASKINVEST,"
TCFC Finance Ltd.,TCFCFINQ,Finance - NBFC,45.96,BSE,46.20,3.13,1,2025-09,0.22,2025-09,208.92,3.01,0.41,1,2025-03,0,1.11,1.27,"TCFCFINQ,"
Sainik Finance & Industries Ltd.,SAINIK,Finance - NBFC,45.66,BSE,41.97,4.93,1,2025-06,6.29,2025-06,7.26,0.83,1.01,1,2025-03,1.92,15.13,11.76,"SAINIK,"
Kalyan Capitals Ltd.,KALYANCAP,Finance - Others,45.48,BSE,8.80,0.46,2,2025-06,4.3,2025-06,12.65,5.38,0.88,2,2025-03,3.77,6.36,10.78,"KALYANCAP,"
Ruparel Food Products Ltd.,RFL,Finance - Housing,45.38,BSE,147.25,0.00,2,2025-06,-0.17,2025-06,0,,12.54,2,2025-03,0,-5.79,-5.79,"RFL,"
NAM Securities Ltd.,NAM,Finance - Stock Broking,44.75,BSE,83.00,-1.47,1,2025-03,0.36,2025-03,125.36,34.07,3.83,1,2024-03,0,3.06,4.17,"NAM,"
RKD Agri & Retail Ltd.,RKDAGRRTL,Finance - Investment,44.6,BSE,7.63,,1,2025-06,-0.22,2025-06,0,0,9.85,1,2025-03,0.13,-2.71,-2.16,"RKDAGRRTL,"
Yamini Investments Ltd.,YAMNINV,Finance - Investment,44.16,BSE,0.84,1.20,1,2025-06,0.46,2025-06,97.06,1.92,0.64,1,2025-03,0.28,2.12,3.7,"YAMNINV,"
Morarka Finance Ltd.,MORARKFI,Finance - NBFC,44.06,BSE,97.83,1.20,1,2025-09,1.87,2025-09,23.52,-2.18,0.41,1,2025-03,0,2.17,2.46,"MORARKFI,"
Glance Finance Ltd.,GLANCE,Finance - NBFC,43.9,BSE,194.60,-11.55,1,2025-09,0.68,2025-09,64.18,0.78,0.82,1,2025-03,0.08,5.71,9.55,"GLANCE,"
Viji Finance Ltd.,VIJIFIN,Finance - NBFC,43.75,NSE,3.02,1.68,1,2025-09,0.16,2025-09,278.65,-13.34,2.09,2,2024-03,0.99,1.14,1.52,"VIJIFIN,"
Challani Capital Ltd.,CHALLANI,Finance - NBFC,43.42,BSE,28.86,4.57,1,2025-06,2.14,2025-06,20.27,0.62,5.45,1,2025-03,0,28.18,28.19,"CHALLANI,"
Sumedha Fiscal Services Ltd.,SUMEDHA,Finance - Investment,42.72,BSE,53.50,0.04,2,2025-06,8.24,2025-06,5.21,0.15,0.63,2,2025-03,0,11.94,15.11,"SUMEDHA,"
Kiduja India Ltd.,KIDUJA,Finance - NBFC,41.93,BSE,17.47,4.99,1,2025-09,-16.84,2025-09,0,,-1.84,1,2025-03,-3.2,0,5.75,"KIDUJA,"
Libord Finance Ltd.,LIBORDFIN,Finance - NBFC,41.73,BSE,26.79,-8.60,1,2025-09,-0.36,2025-09,0,0,2.38,2,2024-03,0,1.19,1.72,"LIBORDFIN,"
Relic Technologies Ltd.,RELICTEC,Finance - Stock Broking,41.53,BSE,80.65,,2,2025-09,-5.06,2025-06,0,,3.17,2,2025-03,0.42,-34.16,-16.68,"RELICTEC,"
Sujala Trading & Holdings Ltd.,SUJALA,Finance - Investment,41.53,BSE,73.00,-0.31,1,2025-06,-0.29,2025-06,0,,2.6,1,2025-03,0.5,-0.86,-0.61,"SUJALA,"
Oasis Securities Ltd.,OASISEC,Finance - NBFC,40.81,BSE,22.98,2.59,1,2025-06,0.77,2025-06,53,2.6,2.94,1,2025-03,0,6.79,8.75,"OASISEC,"
Nagreeka Capital & Infrastructure Ltd.,NAGREEKCAP,Finance - NBFC,40.75,NSE,31.42,-4.53,1,2025-06,17.78,2025-06,2.29,0.13,1.65,1,2025-03,4.51,156.68,29.22,"NAGREEKCAP,"
Continental Securities Ltd.,CSL,Finance - NBFC,40.63,BSE,13.89,4.12,1,2025-09,1.77,2025-09,22.9,0.55,1.77,1,2025-03,0.02,10.34,12.66,"CSL,"
CMX Holdings Ltd.,CMXLTD,Finance - Investment,39.6,BSE,34.91,4.99,1,2025-06,-0.33,2025-06,0,0,-6.9,1,2025-03,-1.01,0,-1012.7,"CMXLTD,"
Anupam Finserv Ltd.,ANUPAM,Finance - NBFC,39.47,BSE,2.08,0.48,1,2025-06,0.64,2025-06,61.39,-13.67,1.37,1,2024-03,0.15,6.21,8.48,"ANUPAM,"
Ind Bank Housing Ltd.,INDBNK,Finance - Housing,39.4,BSE,39.40,0.54,1,2025-09,-0.24,2025-09,0,,-0.33,1,2025-03,-1.07,0,-3.71,"INDBNK,"
Walchand Peoplefirst Ltd.,WALCHPF,Finance - Investment,39.17,BSE,138.45,2.14,1,2025-09,2.77,2025-09,14.13,0.41,1.34,1,2025-03,0.01,6.79,8.15,"WALCHPF,"
Kapil Raj Finance Ltd.,KAPILRAJ,Finance - NBFC,39.17,BSE,3.58,-4.28,1,2025-09,0.32,2025-09,120.51,,2.81,1,2024-03,0,-0.17,-0.19,"KAPILRAJ,"
KJMC Financial Services Ltd.,KJMCFIN,Finance - NBFC,39.13,BSE,81.76,-0.30,2,2025-06,1.43,2025-06,28.6,1.41,0.22,2,2025-03,0.02,0.61,1.37,"KJMCFIN,"
GDL Leasing & Finance Ltd.,GDLLEAS,Finance - NBFC,37.93,BSE,75.70,1.99,1,2025-06,0.55,2025-06,68.34,0.61,6.01,1,2024-03,0,3.18,4.31,"GDLLEAS,"
Epuja Spiritech Ltd.,EPUJA,Finance - Investment,37.89,BSE,3.65,9.94,2,2025-06,-0.06,2025-06,0,,2.17,2,2025-03,0.07,1.27,0.83,"EPUJA,"
Monotype India Ltd.,MONOT,Finance - Stock Broking,37.27,BSE,0.53,-3.64,1,2025-06,10.29,2025-06,3.62,,-20,1,2025-03,-5.4,0,285.68,"MONOT,"
Shreevatsa Finance & Leasing Ltd.,SHVFL,Finance - NBFC,37.12,BSE,36.75,2.14,1,2025-06,0.54,2025-06,68.61,17.96,1.62,1,2025-03,0,2,2.44,"SHVFL,"
Williamson Magor & Company Ltd.,WILLAMAGOR,Finance - NBFC,36.25,NSE,32.14,-3.95,2,2025-06,27.29,2025-06,1.33,,-0.16,2,2025-03,-2.44,0,-53.61,"WILLAMAGOR,"
SP Capital Financing Ltd.,SPCAPIT,Finance - NBFC,36.06,BSE,61.99,4.55,2,2025-06,2.76,2025-06,13.04,0.31,1.33,2,2025-03,4.01,3.66,4.33,"SPCAPIT,"
Sahara Housingfina Corporation Ltd.,SAHARAHOUS,Finance - Housing,35.86,BSE,51.23,-1.99,1,2025-06,0.63,2025-06,57.19,-2.76,0.68,1,2025-03,0.43,1.25,4.04,"SAHARAHOUS,"
Ramchandra Leasing & Finance Ltd.,RLFL,Finance - NBFC,35.71,BSE,6.98,4.96,1,2025-06,0.02,2025-06,0,0,6.36,1,2024-03,0.06,0.3,0.3,"RLFL,"
Margo Finance Ltd.,MARGOFIN,Finance - NBFC,34.93,BSE,76.00,-1.94,1,2025-06,0.21,2025-06,165.54,,0.28,1,2025-03,0,0.24,0.68,"MARGOFIN,"
Khandwala Securities Ltd.,KHANDSE,Finance - Stock Broking,34.31,NSE,22.49,1.53,2,2025-06,-1.86,2025-06,0,0,1.21,2,2025-03,0.05,-2.73,1.08,"KHANDSE,"
India Cements Capital Ltd.,INDCEMCAP,Finance - NBFC,34.23,BSE,16.25,-1.10,2,2025-09,0.15,2025-09,225.2,1.95,1.86,2,2025-03,2.44,3.08,1.29,"INDCEMCAP,"
Invigorated Business Consulting Ltd.,INVIGO,Finance - NBFC,34.21,BSE,8.50,-2.30,1,2025-09,-0.22,2025-09,0,,-0.19,1,2025-03,-0.05,0,0,"INVIGO,"
Bombay Talkies Ltd.,BOMTALKIES,Finance - NBFC,33.8,BSE,6.26,4.33,1,2025-09,-0.17,2025-09,0,,7.35,1,2024-03,0,-3.68,-3.68,"BOMTALKIES,"
Qgo Finance Ltd.,QGO,Finance - Investment,32.99,BSE,47.45,2.71,1,2025-06,2.97,2025-06,11.11,0.28,1.75,1,2025-03,4.85,18.28,14.17,"QGO,"
Galactico Corporate Services Ltd.,GALACTICO,Finance - Investment,32.78,BSE,2.18,-1.80,2,2025-06,2.25,2025-06,14.75,1.04,0.95,2,2025-03,0.43,7.12,7.52,"GALACTICO,"
Dynamic Portfolio Management & Services Ltd.,DYNAMICP,Finance - NBFC,32.73,BSE,27.99,-1.13,1,2025-06,0.18,2025-06,179.81,-561.9,2.69,1,2025-03,0.05,1.04,1.75,"DYNAMICP,"
Premier Capital Services Ltd.,PREMCAP,Finance - NBFC,32.47,BSE,8.76,,1,2025-06,-0.22,2025-06,0,0,4.87,1,2025-03,0.09,-1.31,-1.22,"PREMCAP,"
Maruti Global Industries Ltd.,MARUTISE,Finance - Investment,32.39,BSE,64.78,4.99,1,2025-06,13.12,2025-06,2.47,0.02,-1.5,1,2024-03,-1.02,0,-32.09,"MARUTISE,"
KK Fincorp Ltd.,KKFIN,Finance - NBFC,32.27,BSE,57.63,,1,2024-06,-0.18,2024-06,0,,3.02,1,2023-03,0,7.56,8.43,"KKFIN,"
Gold Line International Finvest Ltd.,GOLDLINE,Finance Term Lending,31.78,BSE,0.61,,1,2023-09,0.12,2023-09,271.61,28.29,0.59,1,2022-03,0.01,0.33,0.39,"GOLDLINE,"
MPIL Corporation Ltd.,MPILCORPL,Finance - Others,31.33,BSE,548.15,-5.00,1,2025-06,-2.25,2025-06,0,,2.47,1,2025-03,0.02,-16.71,-13.79,"MPILCORPL,"
Bervin Investment & Leasing Ltd.,BERVINL,Finance - Investment,31.26,BSE,53.00,0.00,1,2025-09,-22.66,2025-09,0,0,1.67,1,2025-03,0.3,-2.9,-0.55,"BERVINL,"
Swati Projects Ltd.,SWATIPRO,Finance - NBFC,31.1,BSE,31.38,-0.35,2,2025-06,-0.34,2025-06,0,,2.7,2,2024-03,0,4.46,5.99,"SWATIPRO,"
Mega Fin (India) Ltd.,MEGFI,Finance - NBFC,31.07,BSE,38.00,,1,2025-06,0.24,2025-06,132.2,1.52,21,1,2024-03,0.05,5.79,8.65,"MEGFI,"
Utique Enterprises Ltd.,UTIQUE,Finance - Investment,30.95,BSE,5.52,-0.18,1,2025-06,1.61,2025-06,19.24,-0.64,0.43,1,2025-03,0,0.71,4.45,"UTIQUE,"
Prismx Global Ventures Ltd.,PRISMX,Finance - Investment,30.74,BSE,0.70,-2.78,2,2025-06,1.03,2025-06,29.73,,0.37,2,2025-03,0.1,0.65,1.86,"PRISMX,"
Parshwanath Corporation Ltd.,PARSHWANA,Finance - Housing,30.69,BSE,98.00,-2.00,1,2025-06,0.4,2025-06,76.16,-14.76,2.5,1,2025-03,0,4.68,5.53,"PARSHWANA,"
Onesource Industries And Ventures Ltd.,"OIVL        ",Finance - Others,30.41,BSE,10.00,0.30,1,2025-06,2,2025-06,15.21,0.73,6.08,1,2024-03,0.21,1.35,1.24,"OIVL        ,"
Munoth Financial Services Ltd.,MUNOTHFI,Finance - Investment,30.27,BSE,58.94,-1.54,1,2025-06,-0.4,2025-06,0,0,4.38,1,2024-03,0.08,2.71,2.53,"MUNOTHFI,"
Darjeeling Ropeway Co Ltd.,DARJEELING,Finance - Investment,29.96,BSE,61.77,,1,2025-06,-0.75,2025-06,0,,3.93,1,2025-03,0.26,-5.44,-2.04,"DARJEELING,"
Indianivesh Ltd.,INDIANVSH,Finance - NBFC,29.94,BSE,7.93,1.67,2,2025-06,-9.35,2025-06,0,0,-0.72,2,2024-03,-3.6,0,3.84,"INDIANVSH,"
Smart Finsec Ltd.,SMARTFIN,Finance - NBFC,29.94,BSE,10.00,2.88,1,2025-06,1.16,2025-06,25.92,0.92,1.88,1,2025-03,0,7.78,10.03,"SMARTFIN,"
Nalin Lease Finance Ltd.,NLFL,Finance - NBFC,29.81,BSE,46.00,3.74,1,2025-09,3.26,2025-09,9.15,0.76,0.81,1,2025-03,0.03,10.58,13.62,"NLFL,"
Intec Capital Ltd.,INTECCAP,Finance - NBFC,29.53,BSE,16.08,0.00,2,2025-03,0.22,2025-03,134.73,9.02,0.79,2,2025-03,1.18,0.64,2.82,"INTECCAP,"
Suvifin Credit Solutions Ltd.,PURSHOTTAM,Finance - NBFC,29.43,BSE,39.65,-1.27,1,2025-09,-2.19,2025-09,0,,0.52,1,2025-03,0.45,-0.77,3.03,"PURSHOTTAM,"
Manraj Housing Finance Ltd.,MANRAJH,Finance - Housing,29.4,BSE,58.80,,1,2025-06,-0.46,2025-06,0,0,-48.09,1,2024-03,-32.8,0,-0.57,"MANRAJH,"
Richfield Financial Services Ltd.,RFSL,Finance - NBFC,29.25,BSE,39.00,-0.15,1,2025-06,0.18,2025-06,165.26,8.45,3.44,1,2024-03,0.14,7.83,9.71,"RFSL,"
Vertex Securities Ltd.,VERTEX,Finance - Stock Broking,29.23,BSE,3.91,-0.76,2,2025-06,-0.92,2025-06,0,0,3.37,2,2025-03,0.61,-7.66,-1.6,"VERTEX,"
Sulabh Engineers & Services Ltd.,SULABEN,Finance - NBFC,29.04,BSE,2.90,-2.36,2,2025-09,3.25,2025-09,11.92,3.86,0.79,2,2025-03,0.05,9.44,11.42,"SULABEN,"
Helpage Finlease Ltd.,HELPAGE,Finance - NBFC,28.67,BSE,25.63,4.31,1,2025-06,2.02,2025-06,14.17,0.57,1.67,1,2025-03,2.63,9.29,14.51,"HELPAGE,"
Easun Capital Markets Ltd.,EASUN,Finance - Investment,28.65,BSE,54.78,4.98,1,2025-06,0.25,2025-06,114.13,,1.29,1,2024-03,0,3.41,3.24,"EASUN,"
Jindal Capital Ltd.,JINDCAP,Finance - Investment,28.36,BSE,39.31,-0.23,1,2025-06,0.81,2025-06,34.89,0.49,2.51,1,2024-03,0.45,11.82,14.6,"JINDCAP,"
Khoobsurat Ltd.,KHOOBSURAT,Finance - Investment,28.22,BSE,0.60,1.69,1,2025-06,-1.33,2025-06,0,,0.46,1,2025-03,0,-5.34,-4.75,"KHOOBSURAT,"
Navigant Corporate Advisors Ltd.,NAVIGANT,Finance - Investment,28.22,BSE,89.50,,1,2025-03,1.65,2025-03,17.06,0.58,2.68,1,2024-03,0,11.85,16.9,"NAVIGANT,"
KJMC Corporate Advisors (India) Ltd.,KJMCCORP,Finance - Stock Broking,27.88,BSE,71.00,,2,2025-06,1.06,2025-06,26.6,0.98,0.41,2,2025-03,0.04,1.67,2.93,"KJMCCORP,"
Kartik Investments Trust Ltd.,KARTKIN,Finance - Investment,27.87,BSE,1142.15,,1,2025-09,-0.02,2025-06,0,,6.65,1,2025-03,0,-0.6,-0.6,"KARTKIN,"
Stanrose Mafatlal Investments & Finance Ltd.,STANROS,Finance - Investment,27.7,BSE,69.80,-0.14,2,2025-03,-2.26,2025-03,0,0,0.69,2,2025-03,0.05,-5.06,-4.74,"STANROS,"
Ashirwad Capital Ltd.,ASHCAP,Finance - Investment,27.18,BSE,3.03,-2.57,1,2025-06,0.55,2025-06,49.87,2.1,1.4,1,2025-03,0.14,4.4,5.18,"ASHCAP,"
Visagar Financial Services Ltd.,VISAGAR,Finance - NBFC,26.86,BSE,0.46,2.22,1,2025-06,1.37,2025-06,19.63,2.66,0.46,1,2024-03,0.69,-1.89,-0.04,"VISAGAR,"
Roselabs Finance Ltd.,ROSELABS,Finance - NBFC,26.51,BSE,26.51,-4.30,1,2025-09,-0.26,2025-09,0,,-5.48,1,2025-03,-1.04,0,-173.35,"ROSELABS,"
Ontic Finserve Ltd.,ONTIC,Finance - Others,26.28,BSE,2.92,4.66,1,2025-06,1.83,2025-06,14.35,0.13,7.47,1,2024-03,0,-86.53,-86.52,"ONTIC,"
Global Capital Markets Ltd.,GLOBALCA,Finance - NBFC,25.89,BSE,0.66,1.54,1,2025-09,-1.11,2025-09,0,0,0.56,1,2025-03,0,-1.87,-1.78,"GLOBALCA,"
Esaar (India) Ltd.,ESARIND,Finance - NBFC,25.74,BSE,12.59,1.29,1,2025-06,-20.8,2025-06,0,,4.1,1,2024-03,1.28,-1.39,6.81,"ESARIND,"
Sanmitra Commercial Ltd.,ZSANMCOM,Finance - Investment,25.48,BSE,12.72,,1,2025-06,0.37,2025-06,68.13,1.39,0.85,1,2024-03,0.64,8.57,5.07,"ZSANMCOM,"
Dynamic Archistructures Ltd.,DAL,Finance - NBFC,24.99,BSE,49.88,,1,2025-06,5.17,2024-12,4.79,0.12,0.68,1,2025-03,0,9.52,13.87,"DAL,"
CFSL Ltd.,CUBIFIN,Finance - NBFC,24.7,BSE,3.79,1.61,1,2025-06,0.39,2025-06,62.85,12.25,1.63,1,2024-03,0,8.19,9.1,"CUBIFIN,"
Cil Securities Ltd.,CILSEC,Finance - Stock Broking,24.33,BSE,48.66,-2.54,1,2025-09,1.95,2025-09,12.47,0.07,0.75,1,2025-03,0,6.79,10.08,"CILSEC,"
Mansi Finance (Chennai) Ltd.,MANSIFIN,Finance - NBFC,24.31,BSE,69.00,-7.07,1,2025-06,3.62,2025-06,6.71,0.88,0.63,1,2024-03,0.93,6.17,8.84,"MANSIFIN,"
Easy Fincorp Ltd.,EASYFIN,Finance - Investment,24.25,BSE,990.00,,1,2025-09,-0.15,2024-06,0,,1.44,1,2025-03,0.08,-0.52,-0.14,"EASYFIN,"
Pro CLB Global Ltd.,PROCLB,Finance - Investment,24.04,BSE,47.10,-1.20,1,2025-06,-0.99,2025-06,0,,2.39,1,2024-03,0,1.67,2.25,"PROCLB,"
Hi-Klass Trading And Investment Ltd.,HIKLASS,Finance - Investment,24.02,BSE,16.90,,1,2025-09,-1.2,2025-09,0,,2.46,1,2025-03,0.33,-6.65,-6.24,"HIKLASS,"
Step Two Corporation Ltd.,STEP2COR,Finance - NBFC,23.66,BSE,32.00,,1,2025-06,-1.53,2025-06,0,,2.31,1,2025-03,0,-0.45,-0.44,"STEP2COR,"
Enbee Trade & Finance Ltd.,ENBETRD,Finance - NBFC,23.44,BSE,0.41,2.50,1,2025-06,6.47,2025-06,3.62,0.06,0.29,1,2025-03,0.64,9.02,12.71,"ENBETRD,"
Rapid Investments Ltd.,RAPIDIN,Finance - NBFC,23.43,BSE,109.00,4.81,1,2025-06,0.48,2025-06,48.41,0.38,2.08,1,2024-03,0,8.97,23.26,"RAPIDIN,"
Zodiac Ventures Ltd.,ZODIACVEN,Finance - Investment,23.4,BSE,2.83,-2.08,2,2025-06,1.14,2025-06,20.69,0.09,0.54,2,2024-03,3.37,4.54,19.79,"ZODIACVEN,"
Onelife Capital Advisors Ltd.,ONELIFECAP,Finance - Investment,22.46,NSE,16.82,-5.03,2,2025-09,-4.08,2025-09,0,,0.89,2,2025-03,0.66,-11.43,-0.91,"ONELIFECAP,"
Bharat Bhushan Finance & Commodity Brokers Ltd.,BHARAT,Finance - Investment,22.36,BSE,33.00,-0.15,1,2025-09,0.17,2025-09,129.28,,0.8,1,2025-03,0,-0.54,-0.58,"BHARAT,"
Shree Securities Ltd.,SHREESEC,Finance - Investment,22.34,BSE,0.28,0.00,1,2025-03,0.66,2025-03,34.01,0.52,2.39,1,2024-03,0,-363.41,-363.41,"SHREESEC,"
Gujarat Lease Financing Ltd.,GLFL,Finance - NBFC,22.32,NSE,8.45,,1,2025-09,0.06,2025-09,372.08,-167.6,-5.4,1,2025-03,-2.46,0,1,"GLFL,"
Greencrest Financial Services Ltd.,GREENCREST,Finance - NBFC,22.3,BSE,0.62,1.64,1,2025-06,-0.62,2025-06,0,0,0.4,1,2024-03,0.6,2,4.26,"GREENCREST,"
Paragon Finance Ltd.,PARAGONF,Finance - NBFC,22.1,BSE,52.00,-6.14,1,2025-09,0.84,2025-09,26.18,-0.95,0.68,1,2025-03,0.02,1.05,1.75,"PARAGONF,"
Abirami Financial Services (India) Ltd.,ABIRAFN,Finance - Investment,21.66,BSE,40.11,-4.52,1,2025-09,0.51,2025-09,42.47,1.45,1.12,1,2025-03,0,2.85,4,"ABIRAFN,"
Swarna Securities Ltd.,SWRNASE,Finance - NBFC,21.6,BSE,72.00,,1,2025-09,0.79,2025-09,27.24,3.82,3.13,1,2025-03,0,13.14,16.33,"SWRNASE,"
GSB Finance Ltd.,GSBFIN,Finance - Investment,20.98,BSE,34.35,-4.85,1,2025-09,-0.16,2025-09,0,0,1.48,1,2024-03,0,12.21,11.78,"GSBFIN,"
NDA Securities Ltd.,NDASEC,Finance - Stock Broking,20.97,BSE,35.25,-1.87,2,2025-06,1.5,2025-06,13.94,0.5,1.67,2,2025-03,0.04,13.35,14.97,"NDASEC,"
Triumph International Finance India Ltd.,TRIUMPIN,Finance - Investment,20.96,BSE,27.60,-3.16,2,2025-06,3.82,2025-06,5.49,0.91,-0.3,2,2024-03,-1.54,0,8.59,"TRIUMPIN,"
Stephanotis Finance Ltd.,STEPHANOTIS,Finance - NBFC,20.95,BSE,32.49,,1,2023-06,-0.14,2023-06,0,,0.82,1,2022-03,0.04,-0.1,-0.11,"STEPHANOTIS,"
TTI Enterprise Ltd.,TTIENT,Finance - NBFC,20.93,BSE,8.30,1.10,1,2025-06,0.76,2025-06,27.4,0.67,0.74,1,2025-03,0.04,3.34,3.48,"TTIENT,"
Harmony Capital Services Ltd.,HRMNYCP,Finance - Investment,20.88,BSE,69.57,,1,2025-09,-0.36,2025-09,0,,29.47,1,2024-03,0,-4.89,-6.7,"HRMNYCP,"
KBS India Ltd.,KBSINDIA,Finance - Stock Broking,20.88,BSE,1.93,2.12,1,2025-09,0.38,2025-09,55.25,2.73,0.61,1,2025-03,0,0.55,1.4,"KBSINDIA,"
Bazel International Ltd.,BAZELINTER,Finance - Investment,20.76,BSE,74.00,0.00,2,2025-03,0.33,2025-03,27.24,1.61,0.41,1,2024-03,0.2,0.81,1.5,"BAZELINTER,"
Tradewell Holdings Ltd.,TRADEWELL,Finance - Investment,20.74,BSE,69.02,,1,2025-06,0.58,2025-06,35.63,4.07,3.25,1,2024-03,0.43,47.75,46.33,"TRADEWELL,"
Comfort Commotrade Ltd.,COMCL,Finance - Stock Broking,20.5,BSE,20.50,3.64,2,2025-09,-4.39,2025-09,0,0,0.37,2,2025-03,0.25,8.89,12.73,"COMCL,"
Golechha Global Finance Ltd.,GOLECHA,Finance - NBFC,20.34,BSE,36.99,,1,2025-06,-0.68,2025-06,0,,2.31,1,2024-03,0,18.65,23.51,"GOLECHA,"
Blue Chip India Ltd.,BLUECHIP,Finance - Investment,20.13,NSE,3.64,,1,2025-06,-2.67,2025-06,0,0,-25.21,1,2025-03,0,-390.31,-390.28,"BLUECHIP,"
NPR Finance Ltd.,NPRFIN,Finance - NBFC,19.9,BSE,33.00,-0.21,1,2025-06,0.51,2025-06,38.86,-2.09,0.4,1,2025-03,0.01,1.22,2.22,"NPRFIN,"
Amrapali Capital & Finance Services Ltd.,ACFSL,Finance - Stock Broking,19.6,BSE,20.04,,1,2025-03,1.15,2025-03,17.03,1.08,0.23,1,2025-03,0.26,1.38,3.34,"ACFSL,"
Abhishek Finlease Ltd.,ABHIFIN,Finance - NBFC,19.21,BSE,41.01,,1,2025-09,0,2025-06,492.5,18.33,3.17,1,2024-03,0,4.95,6.35,"ABHIFIN,"
Shree Salasar Investments Ltd.,SALSAIN,Finance - Investment,19.1,BSE,27.40,,2,2025-06,4.45,2025-06,4.37,0.02,0.36,2,2024-03,2.44,2.59,1.59,"SALSAIN,"
Rita Finance and Leasing Ltd.,RFLL,Finance - NBFC,19.05,BSE,19.05,5.07,1,2025-06,0.59,2025-06,32.4,0.47,1.16,1,2025-03,0.16,3.81,4.64,"RFLL,"
Supra Trends Ltd.,SUPRATRE,Finance - NBFC,19.02,BSE,14.05,0.00,2,2025-03,-1.17,2025-03,0,,3.11,2,2025-03,0.94,-39.77,-13.07,"SUPRATRE,"
Golden Legand Leasing & Finance Ltd.,GOLDLEG,Finance - NBFC,18.45,BSE,13.05,3.98,1,2025-06,2.16,2025-06,8.55,,1.13,1,2025-03,0.63,-17.55,-11.15,"GOLDLEG,"
Prism Finance Ltd.,PRISMFN,Finance - NBFC,18.44,BSE,28.37,,1,2025-06,-1.79,2025-06,0,0,0.71,1,2025-03,0.04,-4.5,-11.48,"PRISMFN,"
GK Consultants Ltd.,GKCONS,Finance - NBFC,18.38,BSE,16.25,4.23,1,2025-09,0.53,2025-09,34.95,-1.23,1.13,1,2025-03,0,0.24,0.32,"GKCONS,"
Gajanan Securities Services Ltd.,GAJANANSEC,Finance - Stock Broking,18.28,BSE,58.92,-2.42,2,2025-06,0.19,2025-06,93.25,3.4,0.15,2,2024-03,0,0.13,0.21,"GAJANANSEC,"
Decillion Finance Ltd.,DFL,Finance - Investment,18.2,BSE,52.00,0.00,1,2025-06,0.07,2025-06,256.34,38.96,1.45,1,2025-03,0.07,0.53,0.99,"DFL,"
DJS Stock & Shares Ltd.,DJSSS,Finance - Stock Broking,18.18,BSE,2.27,-1.73,1,2025-06,0.27,2025-06,66.86,-13.29,2.75,1,2025-03,0,1.83,2.51,"DJSSS,"
Consecutive Investments & Trading Company Ltd.,CITL,Finance - Investment,18.1,BSE,1.14,0.88,1,2025-06,2.58,2025-06,7,0.09,1.01,1,2024-03,0,1.67,3.93,"CITL,"
Gilada Finance & Investments Ltd.,GILADAFINS,Finance - Stock Broking,17.91,BSE,12.99,-0.84,1,2025-06,2.14,2025-06,8.39,0.69,0.86,1,2025-03,0.49,11.11,14.23,"GILADAFINS,"
HB Leasing & Finance Company Ltd.,HBLEAS,Finance - NBFC,17.88,BSE,13.50,-0.74,1,2025-06,-0.3,2025-06,0,,3.18,1,2025-03,0.01,-7.09,-7.06,"HBLEAS,"
Daulat Securities Ltd.,DAULAT,Finance - Stock Broking,17.7,BSE,35.40,1.14,1,2025-06,-0.82,2025-06,0,0,0.77,1,2025-03,0,7.58,7.54,"DAULAT,"
Tokyo Finance Ltd.,TOKYOFIN,Finance - NBFC,17.4,BSE,25.00,3.14,1,2025-09,0.11,2025-09,164.13,-12.12,1.49,1,2025-03,0,1.99,1.97,"TOKYOFIN,"
Franklin Leasing And Finance Ltd.,FRANKLIN,Finance - NBFC,17.36,BSE,11.00,,1,2025-03,0.21,2025-03,83.52,22.39,0.46,1,2025-03,0,0.55,0.94,"FRANKLIN,"
Amrapali Fincap Ltd.,AMRAFIN,Finance - NBFC,17.1,BSE,12.72,,1,2025-03,0.32,2023-03,28.88,-1.85,0.11,1,2025-03,0,0.22,0.39,"AMRAFIN,"
Shyamkamal Investments Ltd.,SHYMINV,Finance - NBFC,17.09,BSE,12.65,-1.48,1,2025-06,0.49,2025-06,34.87,0.69,2.28,1,2025-03,1.61,9.04,6.85,"SHYMINV,"
Moongipa Capital Finance Ltd.,MONGIPA,Finance - NBFC,16.68,BSE,18.20,-3.40,1,2025-09,1.33,2025-09,12.54,0.37,0.68,1,2025-03,0.31,9.41,12.09,"MONGIPA,"
Shricon Industries Ltd.,SHRICON,Finance - Investment,16.62,BSE,134.00,0.00,1,2025-06,0.19,2025-06,87.92,,4.02,1,2025-03,0,-1.18,-1.16,"SHRICON,"
Mehta Securities Ltd.,MEHSECU,Finance - Investment,16.54,BSE,53.55,,1,2025-06,0.16,2025-06,103.4,4.1,3.02,1,2024-03,0,-2.83,-2.83,"MEHSECU,"
Yash Management & Satellite Ltd.,YASHMGM,Finance - Investment,16.32,BSE,9.60,-0.52,2,2025-06,-2.56,2025-06,0,,0.74,2,2025-03,0.05,-8.11,-6.83,"YASHMGM,"
Pulsar International Ltd.,PULSRIN,Finance - NBFC,16.21,BSE,2.28,-2.98,1,2025-06,1.46,2025-06,11.11,0.14,1.33,1,2025-03,0.01,15.64,15.35,"PULSRIN,"
United Credit Ltd.,UNITDCR,Finance - NBFC,16.15,BSE,30.31,-3.26,1,2025-06,1,2025-06,16.16,6.29,0.54,1,2025-03,0,3.46,4.43,"UNITDCR,"
GCM Securities Ltd.,GCMSECU,Finance - Stock Broking,16.15,BSE,0.84,0.00,1,2025-06,-2.26,2025-06,0,0,1.08,1,2025-03,0.48,-17.6,-12.54,"GCMSECU,"
Karnavati Finance Ltd.,KARNAVATI,Finance - Investment,15.78,BSE,1.57,0.64,1,2025-06,-2.17,2025-06,0,,1.6,1,2025-03,1.08,-15.19,-2.11,"KARNAVATI,"
Garbi Finvest Ltd.,GARBIFIN,Finance - NBFC,15.74,BSE,14.04,6.28,1,2025-06,1.42,2025-06,11.09,3.2,0.2,1,2025-03,0,1.87,2.27,"GARBIFIN,"
Sarvottam Finvest Ltd.,SARVOTTAM,Finance - NBFC,15.59,BSE,21.08,4.25,1,2025-06,-0.39,2025-06,0,,0.63,1,2025-03,0,-2.36,-2.14,"SARVOTTAM,"
NEIL Industries Ltd.,NEIL,Finance - NBFC,15.58,BSE,7.97,2.57,1,2025-09,1.36,2025-09,11.47,22.48,0.26,1,2025-03,0.11,2.05,3.45,"NEIL,"
Indergiri Finance Ltd.,INDERGR,Finance - NBFC,15.53,BSE,30.68,,1,2025-06,-1.8,2025-06,0,,6.42,1,2025-03,6.14,-44.39,-9.61,"INDERGR,"
Avasara Finance Ltd.,AVASARA,Finance - NBFC,15.53,BSE,31.06,,1,2025-09,-0.5,2025-09,0,,9.52,1,2025-03,0,-19.98,-19.98,"AVASARA,"
Photon Capital Advisors Ltd.,PHOTON,Finance - Investment,15.44,BSE,102.00,,2,2025-09,-0.58,2025-09,0,0,2,2,2024-03,0,-21.44,2.99,"PHOTON,"
Ashtasidhhi Industries Ltd.,GUJINV,Finance - NBFC,15.44,BSE,20.56,1.98,1,2025-06,-0.02,2025-06,0,0,1.51,1,2025-03,0,0.27,0.38,"GUJINV,"
TCI Finance Ltd.,TCIFINANCE,Finance - NBFC,15.42,NSE,12.10,0.75,1,2025-09,3.5,2025-09,4.4,0.28,-0.2,1,2025-03,-0.02,0,0,"TCIFINANCE,"
Jackson Investments Ltd.,JACKSON,Finance - Investment,15.41,BSE,0.53,-1.85,1,2025-09,-0.82,2025-09,0,,0.56,1,2025-03,0,-3.11,-3.11,"JACKSON,"
SRG Fingrow Finance Ltd.,SRGFFL,Finance - NBFC,15.32,BSE,28.50,,1,2025-03,0.35,2025-03,44.02,-25.3,1.04,1,2025-03,0,2.39,3.14,"SRGFFL,"
Adcon Capital Services Ltd.,ADCON,Finance - NBFC,15.27,BSE,0.77,-4.94,1,2025-06,2.49,2025-06,6.12,0.04,0.68,1,2024-03,0,2.86,3.34,"ADCON,"
Econo Trade (India) Ltd.,ETIL,Finance - Investment,15.25,BSE,8.19,0.37,1,2025-06,2.39,2025-06,6.38,0.17,0.33,1,2025-03,0.52,5.06,7.72,"ETIL,"
Stellar Capital Services Ltd.,STELLAR,Finance - NBFC,15.23,BSE,6.10,,1,2025-03,0.12,2025-03,129.04,-6.44,0.33,1,2024-03,0,-1.65,-1.6,"STELLAR,"
India Lease Development Ltd.,INDLEASE,Finance - NBFC,15.17,BSE,10.32,-1.24,1,2025-06,-0.12,2025-06,0,,1.46,1,2025-03,0,-1.09,-1.08,"INDLEASE,"
Beryl Securities Ltd.,BERYLSE,Finance - NBFC,15,BSE,30.92,4.99,1,2025-06,0.34,2025-06,44.36,-7.61,1.51,1,2024-03,0,1.82,2.7,"BERYLSE,"
GSL Securities Ltd.,GSLSEC,Finance - NBFC,14.92,BSE,45.92,,1,2025-06,-0.15,2025-06,0,,2.6,1,2025-03,0,-2.86,-4.24,"GSLSEC,"
Jindal Leasefin Ltd.,JLL,Finance - Investment,14.85,BSE,49.35,5.00,1,2025-06,-2.38,2025-06,0,,2.34,1,2024-03,0.07,-1.94,-2.19,"JLL,"
Integrated Capital Services Ltd.,ICSL,Finance - NBFC,14.77,BSE,4.31,4.87,2,2025-06,0.13,2025-06,158.79,11,1.91,2,2025-03,0.33,-0.09,-0.19,"ICSL,"
Sumeru Industries Ltd.,SUMERUIND,Finance - Investment,14.4,BSE,2.00,-1.96,1,2025-09,0.07,2025-09,205.71,10.03,1.38,1,2025-03,0,0.9,1.13,"SUMERUIND,"
Gemstone Investments Ltd.,GEMSI,Finance - NBFC,14.28,BSE,1.94,0.00,1,2025-06,0.13,2025-06,107.35,-6.88,0.57,1,2025-03,0,1.29,1.9,"GEMSI,"
Shrydus Industries Ltd.,SHRYDUS,Finance - Investment,14.21,BSE,4.44,-0.22,2,2025-03,8.26,2025-03,1.72,0.02,,1,2024-03,1.83,13.34,5.08,"SHRYDUS,"
Frontier Capital Ltd.,FRONTCAP,Finance - NBFC,14.18,BSE,8.50,0.00,1,2025-06,0.34,2025-06,41.22,1.18,5.01,1,2024-03,0.03,4.57,4.46,"FRONTCAP,"
Jayabharat Credit Ltd.,JAYBHCR,Finance - NBFC,14.13,BSE,28.25,,1,2025-06,-1.05,2025-06,0,0,-0.23,1,2024-03,-0.99,0,0,"JAYBHCR,"
Longspur International Ventures Ltd.,LONGSPUR,Finance - Others,13.99,BSE,10.27,1.99,1,2025-06,0.65,2025-06,21.56,0.17,0.47,1,2025-03,0.1,2.06,3.29,"LONGSPUR,"
Market Creators Ltd.,MKTCREAT,Finance - Investment,13.92,BSE,13.26,,1,2025-06,-0.03,2025-06,0,0,1.32,1,2025-03,0.57,1.65,8.47,"MKTCREAT,"
Sharp Investments Ltd.,SHARPINV,Finance - Investment,13.8,BSE,0.57,0.00,1,2025-06,0.05,2025-06,265.38,17.85,0.49,1,2025-03,0,0,0.01,"SHARPINV,"
Yunik Managing Advisors Ltd.,YunikM,Finance - Investment,13.66,BSE,9.56,-4.21,1,2025-06,-0.09,2025-06,0,0,43.12,1,2025-03,0,-21.56,-21.56,"YunikM,"
Svaraj Trading & Agencies Ltd.,ZSVARAJT,Finance - Investment,13.61,BSE,8.85,0.80,1,2025-06,0.49,2025-06,27.62,,0.23,1,2024-03,0,-0.01,0.1,"ZSVARAJT,"
BFL Asset Finvest Ltd.,BFLAFL,Finance - NBFC,13.57,BSE,13.30,0.30,1,2025-06,2.16,2025-06,6.27,0.05,0.6,1,2025-03,0.18,8.1,9.43,"BFLAFL,"
Vani Commercials Ltd.,VANICOM,Finance - NBFC,13.56,BSE,11.54,-1.95,1,2025-06,0.93,2025-06,14.64,,0.97,2,2025-03,2.22,1.91,2.33,"VANICOM,"
Trustwave Securities Ltd.,TRUSTWAVE,Finance - NBFC,13.5,BSE,20.65,0.00,1,2025-09,-0.18,2025-09,0,0,-13.52,1,2025-03,-1.71,0,-52.97,"TRUSTWAVE,"
ACE Engitech Ltd.,ACEENGITEC,Finance - NBFC,13.42,BSE,156.20,,1,2025-06,-0.48,2025-06,0,0,-5.57,1,2024-03,0,-24.28,-24.25,"ACEENGITEC,"
RR Securities Ltd.,RRSECUR,Finance - Investment,13.42,BSE,44.46,,1,2025-06,0.12,2025-06,116.68,6.17,2.82,1,2024-03,0.03,2.14,2.12,"RRSECUR,"
Aroma Enterprises (India) Ltd.,AROMAENT,Finance - Investment,13.33,BSE,28.00,,1,2023-12,-0.1,2023-12,0,,-6.78,1,2023-03,-3.42,0,-5.82,"AROMAENT,"
First Custodian Fund (India) Ltd.,1STCUS,Finance - Investment,13.29,BSE,88.46,-1.15,1,2025-09,0.42,2025-09,31.64,0.5,0.87,1,2025-03,0,11.83,14.92,"1STCUS,"
Mehta Integrated Finance Ltd.,MEHIF,Finance - Investment,13.26,BSE,26.52,,1,2025-06,0.47,2025-06,28.33,2.25,0.78,1,2024-03,0.08,10.02,9.16,"MEHIF,"
Anjani Finance Ltd.,ANJANIFIN,Finance - NBFC,13.18,BSE,12.99,-1.07,1,2025-09,0.35,2025-09,37.75,3.47,0.87,2,2024-03,0,2.58,4.14,"ANJANIFIN,"
SV Trading & Agencies Ltd.,ZSVTRADI,Finance - Stock Broking,13.18,BSE,7.71,,1,2025-06,0.92,2025-03,14.33,2.5,0.31,1,2025-03,0,2.21,2.54,"ZSVTRADI,"
Ladam Affordable Housing Ltd.,LAHL,Finance - Investment,13.18,BSE,7.20,-1.91,2,2025-06,-0.08,2025-06,0,,0.48,2,2025-03,0.39,-0.18,-0.09,"LAHL,"
Libord Securities Ltd.,LIBORD,Finance - Investment,13.14,BSE,26.28,4.99,1,2025-09,-0.95,2025-09,0,,3.48,1,2025-03,0,-17.13,-17.03,"LIBORD,"
SI Capital & Financial Services Ltd.,SICAPIT,Finance - Investment,12.9,BSE,25.55,,1,2025-06,0.66,2025-06,19.43,0.53,2.27,1,2025-03,1.41,4.24,8.23,"SICAPIT,"
Indo-City Infotech Ltd.,INDOCITY,Finance - NBFC,12.65,BSE,12.16,-7.60,1,2025-09,-0.62,2025-09,0,0,1.07,1,2024-03,0,3.11,3.77,"INDOCITY,"
Modern Shares & Stockbrokers Ltd.,MODRNSH,Finance - Stock Broking,12.6,BSE,42.99,-0.02,1,2025-09,0.25,2025-09,49.81,2.42,0.97,1,2025-03,0,1.75,3.28,"MODRNSH,"
Minolta Finance Ltd.,MINOLTAF,Finance - NBFC,12.4,BSE,1.24,-4.62,1,2025-06,0.15,2025-06,84.93,-2.04,1.14,1,2025-03,4.43,0.11,0.4,"MINOLTAF,"
Rajputana Investment & Finance Ltd.,RAJPUTANA,Finance - Investment,12.32,BSE,40.00,0.00,1,2025-06,0.21,2025-06,58.67,0.71,3.04,1,2025-03,0,9.52,12.91,"RAJPUTANA,"
FGP Ltd.,FGP,Finance - NBFC,12.3,BSE,10.34,4.97,1,2025-09,-0.06,2025-09,0,0,3.36,1,2025-03,0,-0.98,0.04,"FGP,"
Dalal Street Investments Ltd.,DSINVEST,Finance - Investment,12.21,BSE,387.60,2.00,1,2025-06,-0.17,2025-06,0,0,2.58,1,2025-03,0.36,2.71,2.7,"DSINVEST,"
Vedant Asset Ltd.,VEDANTASSET,Finance - Asset Management,12.15,BSE,44.00,0.00,1,2025-03,0.22,2025-03,54.73,,2.24,2,2024-03,0,5.18,7.22,"VEDANTASSET,"
Interactive Financial Services Ltd.,IFINSER,Finance - Others,12.12,BSE,17.50,1.16,1,2025-06,1.44,2025-06,8.42,0.1,0.42,1,2025-03,0.02,14.06,19.72,"IFINSER,"
Prism Medico and Pharmacy Ltd.,PRISMMEDI,Finance - Investment,11.99,BSE,19.25,-2.97,1,2025-06,0.7,2025-06,17.12,,0.76,1,2024-03,0,-0.14,-0.14,"PRISMMEDI,"
Fruition Venture Ltd.,FRUTION,Finance - Stock Broking,11.76,BSE,29.41,,1,2025-06,0.06,2025-06,180.98,13.99,2.4,1,2024-03,0.3,-5.82,-3.26,"FRUTION,"
Ushakiran Finance Ltd.,USHAKIRA,Finance - NBFC,11.75,BSE,46.17,-5.00,1,2025-06,0.24,2025-06,49.78,1.4,0.72,1,2025-03,0,1.4,1.67,"USHAKIRA,"
DCM Financial Services Ltd.,DCMFINSERV,Finance - NBFC,11.73,NSE,5.17,-4.26,2,2025-06,-1.38,2025-06,0,,-0.23,2,2025-03,-1.39,0,-3.29,"DCMFINSERV,"
Inditrade Capital Ltd.,INDICAP,Finance - Stock Broking,11.7,BSE,5.01,-0.60,1,2025-03,-2.98,2025-03,0,,0.14,2,2024-03,1.26,2.5,10.93,"INDICAP,"
HCKK Ventures Ltd.,HCKKVENTURE,Finance - Investment,11.65,BSE,31.72,3.32,1,2025-06,0.3,2025-06,39.36,2.82,2.59,1,2025-03,0.01,5.15,6.82,"HCKKVENTURE,"
ArihantS Securities Ltd.,ARISE,Finance - Investment,11.52,BSE,23.40,1.78,1,2025-06,0.14,2025-06,82.84,1.41,0.3,1,2024-03,0,3.4,4.81,"ARISE,"
Lyons Corporate Market Ltd.,LYONSCO,Finance - NBFC,11.5,BSE,24.59,,1,2025-06,-0.39,2025-06,0,0,1.13,1,2025-03,0.9,-5.3,4.29,"LYONSCO,"
Kumbhat Financial Services Ltd.,KUMPFIN,Finance - NBFC,11.46,BSE,21.51,-3.11,1,2025-06,1.45,2025-06,7.89,0.18,2.12,1,2025-03,2.83,34.26,20.64,"KUMPFIN,"
JJ Finance Corporation Ltd.,JJFINCOR,Finance - NBFC,11.44,BSE,42.80,-3.99,1,2025-09,-0.03,2025-09,0,0,1.11,1,2025-03,0,2.66,4.55,"JJFINCOR,"
VB Desai Financial Services Ltd.,VBDESAI,Finance - Investment,11.33,BSE,25.03,-1.07,1,2025-09,0.78,2025-09,14.49,-13.54,0.91,1,2025-03,0,4.75,6.53,"VBDESAI,"
Goenka Business & Finance Ltd.,GBFL,Finance - NBFC,11.32,BSE,8.97,0.67,1,2025-06,-0.3,2025-06,0,0,0.37,1,2025-03,0,-1.86,52.33,"GBFL,"
RGF Capital Markets Ltd.,RGF,Finance - NBFC,11.25,BSE,0.75,7.14,1,2025-06,-0.02,2025-06,0,0,0.82,1,2024-03,0,0.01,0.02,"RGF,"
Pyxis Finvest Ltd.,PYXISFIN,Finance - NBFC,11.23,BSE,9.76,,1,2025-03,0.34,2023-03,9.39,0.18,0.62,1,2025-03,0,1.72,2.54,"PYXISFIN,"
Classic Leasing & Finance Ltd.,CLFL,Finance - NBFC,11.1,BSE,36.99,4.85,1,2025-06,0.57,2025-06,19.5,0.68,-2.77,1,2024-03,-1.74,0,12.84,"CLFL,"
Mercury Trade Links Ltd.,MERCTRD,Finance - Investment,10.96,BSE,8.05,4.55,1,2025-06,0.81,2025-06,13.46,0.27,0.18,1,2025-03,0,4.51,5.97,"MERCTRD,"
Inani Securities Ltd.,INANISEC,Finance - Stock Broking,10.9,BSE,23.92,0.00,1,2025-06,0.57,2025-06,19.19,1.32,0.56,1,2025-03,0.07,2.98,5.02,"INANISEC,"
VB Industries Ltd.,VBIND,Finance - Investment,10.88,BSE,8.30,-2.70,1,2025-06,-0.08,2025-06,0,0,0.11,1,2025-03,0,-0.1,0.29,"VBIND,"
Explicit Finance Ltd.,EXPLICITFIN,Finance - NBFC,10.82,BSE,11.68,1.92,1,2025-06,0.19,2025-06,56.97,4.96,1.35,1,2024-03,0,0.19,0.23,"EXPLICITFIN,"
Dhenu Buildcon Infra Ltd.,DHENUBUILD,Finance - Stock Broking,10.78,BSE,5.89,,1,2025-06,0.03,2025-06,384.95,42.58,3.72,1,2025-03,385.67,-14.17,-0.07,"DHENUBUILD,"
Money Masters Leasing & Finance Ltd.,MMLF,Finance - NBFC,10.74,BSE,1.08,0.93,1,2025-09,0.35,2025-09,30.86,23.74,0.82,1,2025-03,0.81,3.96,4.44,"MMLF,"
Trinity League India Ltd.,TRINITYLEA,Finance - Others,10.43,BSE,13.17,0.00,2,2025-06,0.02,2025-06,579.25,-30.15,3.32,2,2024-03,0,-60.03,-59.96,"TRINITYLEA,"
Hasti Finance Ltd.,HASTIFIN,Finance - NBFC,10.36,BSE,9.56,1.92,1,2025-06,-8.11,2025-06,0,,0.87,1,2024-03,0,-2.48,-2.67,"HASTIFIN,"
Octal Credit Capital Ltd.,OCTAL,Finance - NBFC,10.23,BSE,20.16,,2,2025-06,0.05,2025-06,0,0,0.44,2,2025-03,0,-2.79,-2.46,"OCTAL,"
Northlink Fiscal and Capital Services Ltd.,NORTHLINK,Finance - NBFC,10.21,BSE,19.44,-4.99,1,2024-12,-0.37,2025-03,0,,2.03,1,2025-03,0.18,-14.38,-9.96,"NORTHLINK,"
Mid East Portfolio Management Ltd.,MIDEASTP,Finance - Investment,10.12,BSE,20.11,-4.78,1,2025-06,1.63,2025-06,6.21,0.03,2.09,1,2025-03,0,12.2,12.2,"MIDEASTP,"
Vikalp Securities Ltd.,VIKALPS,Finance - Investment,9.9,BSE,32.46,0.50,1,2025-06,-0.72,2025-06,0,,2.77,1,2024-03,0,0.46,0.5,"VIKALPS,"
ISF Ltd.,ISFL,Finance - NBFC,9.88,BSE,1.04,4.00,1,2025-06,-0.03,2025-06,0,,0.74,1,2025-03,0.25,-0.05,1.93,"ISFL,"
Thirani Projects Ltd.,TPROJECT,Finance - NBFC,9.78,BSE,4.60,-4.17,1,2025-06,0.87,2025-06,11.23,0.16,0.77,1,2024-03,0,-41.13,-41.13,"TPROJECT,"
N2N Technologies Ltd.,NNTL,Finance - Investment,9.68,BSE,29.99,,1,2025-06,1.43,2025-06,6.76,0.09,1.59,1,2024-03,0.04,0.67,-0.56,"NNTL,"
Alexander Stamps And Coin Ltd.,ALEXANDER,Finance - Investment,9.66,BSE,10.79,4.25,1,2025-06,-0.04,2025-06,0,0,0.57,1,2025-03,0.01,-0.23,-0.23,"ALEXANDER,"
Sanchay Finvest Ltd.,SANCF,Finance - Investment,9.55,BSE,30.32,0.00,1,2025-06,-1.12,2025-06,0,0,3.79,1,2024-03,0,-4.39,-1.64,"SANCF,"
GACM Technologies Ltd. - (DVR),GATECHDVR,Finance - Stock Broking,9.48,NSE,0.50,0.00,1,2018-03,-4.49,2018-03,0,,,1,-0,,,,"GATECHDVR,"
Pasupati Fincap Ltd.,PASUFIN,Finance - Investment,9.47,BSE,20.14,,1,2025-06,-0.18,2025-06,0,,-14.14,1,2025-03,-1.04,0,-3436.27,"PASUFIN,"
Krishna Capital And Securities Ltd.,KRISHNACAP,Finance - NBFC,9.25,BSE,29.30,-0.27,2,2025-06,0.13,2025-06,0,0,1.47,2,2025-03,0,0.16,0.18,"KRISHNACAP,"
Ganesh Holdings Ltd.,GANHOLD,Finance - NBFC,9.2,BSE,103.23,,1,2025-06,-0.3,2025-06,0,0,1.39,1,2024-03,0,-2,-2.3,"GANHOLD,"
AF Enterprises Ltd.,AFEL,Finance - Investment,9.03,BSE,2.56,4.92,1,2024-12,-0.9,2024-12,0,,0.15,2,2024-03,0.2,0.66,0.26,"AFEL,"
Kinetic Trust Ltd.,KINETRU,Finance - NBFC,8.98,BSE,26.74,,1,2025-09,0.32,2025-09,28.43,0.49,2.22,1,2025-03,3.8,4.63,5.65,"KINETRU,"
Systematix Securities Ltd.,SYTIXSE,Finance - Investment,8.96,BSE,17.92,1.99,1,2025-06,-0.09,2025-06,0,,1.04,1,2025-03,0,-0.94,-0.95,"SYTIXSE,"
Mahamaya Investments Ltd.,MILLENNIUM,Finance - Investment,8.85,BSE,1.77,-4.84,2,2025-06,-0.16,2025-06,0,,2.2,2,2025-03,0.4,-5.63,-4.59,"MILLENNIUM,"
GCM Capital Advisors Ltd.,GCMCAPI,Finance - Investment,8.72,BSE,5.15,,1,2025-03,-0.18,2025-03,0,,0.34,1,2025-03,0.02,-0.7,1.11,"GCMCAPI,"
SW Investments Ltd.,SW1,Finance - Investment,8.71,BSE,96.78,,1,2025-06,0.12,2025-06,70.24,4.38,1.12,1,2025-03,0,1.03,1.37,"SW1,"
Citi Port Financial Services Ltd.,CITIPOR,Finance - NBFC,8.69,BSE,28.03,0.00,1,2025-06,0.1,2025-06,87.77,2.75,2.71,1,2024-03,0.42,0.86,2.51,"CITIPOR,"
Gallops Enterprises Ltd.,GALLOPENT,Finance - NBFC,8.62,BSE,17.20,,1,2025-06,-0.14,2025-06,0,,6.43,1,2024-03,0,0.4,0.4,"GALLOPENT,"
Manipal Finance Corporation Ltd.,MNPLFIN,Finance - NBFC,8.36,BSE,9.97,,1,2025-06,7.22,2025-06,1.16,0.21,-1.07,1,2025-03,-0.51,0,0,"MNPLFIN,"
Mathew Easow Research Securities Ltd.,MATHEWE,Finance - NBFC,8.19,BSE,12.32,,1,2025-06,0.08,2025-06,99.91,-10.47,0.58,1,2025-03,1.55,0.59,4.73,"MATHEWE,"
Galada Finance Ltd.,GALADAFIN,Finance - NBFC,8.19,BSE,27.30,0.00,1,2025-06,0.26,2025-06,32.12,1.71,1.41,1,2025-03,1.14,4.4,7.66,"GALADAFIN,"
Clio Infotech Ltd.,CLIOINFO,Finance - Investment,8.16,BSE,7.41,,1,2025-09,0.02,2025-09,479.95,29.81,0.78,1,2025-03,0.61,0.55,0.51,"CLIOINFO,"
Sashwat Technocrats Ltd.,SASHWAT,Finance - Investment,8.13,BSE,265.50,,1,2025-06,-0.05,2025-06,0,,6.23,1,2024-03,0.03,7.52,7.3,"SASHWAT,"
Rich Universe Network Ltd.,RICHUNV,Finance - Investment,7.96,BSE,10.98,-0.18,1,2025-06,-0.32,2025-06,0,0,1.13,1,2025-03,0.22,-4.05,-3.32,"RICHUNV,"
Agarwal Fortune India Ltd.,AGARWAL,Finance - NBFC,7.86,BSE,22.87,-0.13,1,2025-09,0.18,2025-09,43.89,1.97,11.22,1,2024-03,0.27,23.66,18.55,"AGARWAL,"
Futuristic Securities Ltd.,FUTURSEC,Finance - Investment,7.8,BSE,40.00,,1,2025-09,-0.02,2025-06,0,0,5.62,1,2024-03,0,-4.86,-6.22,"FUTURSEC,"
Prime Capital Market Ltd.,PRIMECAPM,Finance - NBFC,7.6,BSE,7.60,0.00,1,2025-06,0.52,2025-06,14.64,0.35,0.75,1,2025-03,0.02,6,8.25,"PRIMECAPM,"
Williamson Financial Services Ltd.,WILLIMFI,Finance - NBFC,7.29,BSE,8.72,4.93,1,2025-06,-5.1,2025-06,0,0,-0.02,1,2025-03,-1.22,0,-4.49,"WILLIMFI,"
Typhoon Financial Services Ltd.,TFSL,Finance - NBFC,7.25,BSE,24.16,5.00,1,2025-06,0.03,2025-06,213.22,13.59,0.99,1,2025-03,0,0.12,0.29,"TFSL,"
KZ Leasing & Finance Ltd.,KZLFIN,Finance - NBFC,7.24,BSE,23.81,-4.99,1,2025-06,-1.7,2025-06,0,,0.37,1,2025-03,0.11,-0.94,0.8,"KZLFIN,"
Panafic Industrials Ltd.,PANAFIC,Finance - NBFC,7.14,BSE,0.88,1.15,1,2025-06,0.12,2025-06,59.54,3.94,0.71,1,2024-03,0,0.22,0.3,"PANAFIC,"
BCL Enterprises Ltd.,BCLENTERPR,Finance - NBFC,7.11,BSE,0.61,-3.17,1,2025-03,0.7,2025-03,10.18,0.45,0.52,1,2024-03,0.1,-18.14,-17.3,"BCLENTERPR,"
Abhinav Leasing & Finance Ltd.,ALFL,Finance - NBFC,6.95,BSE,1.39,8.59,1,2025-06,-0.47,2025-06,0,0,1.09,1,2024-03,5.13,2.96,5.69,"ALFL,"
Polytex India Ltd.,POLYTEX,Finance - NBFC,6.75,BSE,5.00,,1,2025-06,-0.12,2025-06,0,,2.77,1,2024-03,0.06,-6.05,-5.72,"POLYTEX,"
Aravali Securities & Finance Ltd.,ARAVALIS,Finance - Investment,6.67,BSE,4.40,-3.30,1,2025-06,-0.24,2025-06,0,,-6.72,1,2025-03,-4,0,1.82,"ARAVALIS,"
Integra Capital Ltd.,INTCAPL,Finance - NBFC,6.66,BSE,14.16,0.00,1,2025-06,0.29,2025-06,22.96,1.48,1.28,1,2025-03,0,4.93,6.93,"INTCAPL,"
Scintilla Commercial & Credit Ltd.,SCC,Finance - Investment,6.49,BSE,6.47,,1,2025-06,0.06,2025-06,111.86,,0.65,2,2024-03,0.08,-21.71,-19.91,"SCC,"
Dharani Finance Ltd.,DHARFIN,Finance - Investment,6.45,BSE,12.92,-4.58,1,2025-06,0.69,2025-06,9.38,0.25,0.67,1,2025-03,0,9.25,9.52,"DHARFIN,"
Vintage Securities Ltd.,VINTAGES,Finance - NBFC,6.4,BSE,16.10,-3.42,1,2025-06,0.04,2025-06,156.15,4.65,0.47,1,2025-03,0,0.13,0.14,"VINTAGES,"
KLG Capital Services Ltd.,KLGCAP,Finance - Investment,6.37,BSE,19.90,,2,2025-06,-0.28,2025-06,0,0,0.88,2,2024-03,0.03,-0.55,-0.51,"KLGCAP,"
Atharv Enterprises Ltd.,ATHARVENT,Finance - Others,6.36,BSE,3.74,10.00,1,2025-06,0.19,2025-06,33.11,0.28,0.32,1,2025-03,0.04,0.96,1.35,"ATHARVENT,"
Aryan Share And Stock Brokers Ltd.,ARYAN,Finance - Stock Broking,6.27,BSE,20.89,0.00,1,2025-09,2.05,2025-09,3.05,,0.36,1,2025-03,0,-2.08,-0.54,"ARYAN,"
Seven Hill Industries Ltd.,SEVENHILL,Finance - Investment,6.24,BSE,0.48,,1,2024-12,3.65,2024-12,1.71,0.07,0.66,1,2024-03,0.71,43.97,23.71,"SEVENHILL,"
Tiaan Consumer Ltd.,TIAANC,Finance - Investment,6.23,BSE,6.07,3.94,1,2025-06,0.08,2025-06,76.95,-1.63,0.89,1,2025-03,358.17,0.5,0,"TIAANC,"
JPT Securities Ltd.,JPTSEC,Finance - Investment,6.12,BSE,20.37,,2,2025-06,-0.24,2025-06,0,0,1.76,2,2024-03,0.16,-19.31,-17.39,"JPTSEC,"
Nikki Global Finance Ltd.,NIKKIGL,Finance - Investment,6.11,BSE,17.87,-1.97,1,2025-09,-0.15,2025-09,0,0,4.99,1,2025-03,0.39,-2.57,-1.85,"NIKKIGL,"
Lead Financial Services Ltd.,LEADFIN,Finance - NBFC,6.11,BSE,18.51,0.00,1,2025-06,0.22,2025-06,27.51,0.86,0.99,1,2025-03,0,2.72,4.6,"LEADFIN,"
Kuber Udyog Ltd.,KUBERJI,Finance - NBFC,6.08,BSE,17.70,-2.37,1,2025-06,0.05,2025-06,119.15,7.29,1.58,1,2025-03,0.91,0.88,3.81,"KUBERJI,"
Cindrella Financial Services Ltd.,CINDRELL,Finance - NBFC,5.84,BSE,14.05,,2,2025-06,0.03,2025-06,70.42,-4.18,0.79,2,2025-03,0,1.98,2.58,"CINDRELL,"
Brijlaxmi Leasing & Finance Ltd.,BRIJLEAS,Finance - Investment,5.82,BSE,9.01,0.11,1,2025-06,2.4,2025-06,2.43,0.02,0.95,1,2024-03,3.93,21.39,10.83,"BRIJLEAS,"
M Lakhamsi Industries Ltd.,MLINDLTD,Finance - NBFC,5.72,BSE,9.58,,2,2025-06,0.61,2025-03,9.22,,0.69,2,2025-03,2.66,7.53,7.36,"MLINDLTD,"
Siddha Ventures Ltd.,SIDDHA,Finance - Investment,5.7,BSE,5.70,0.18,1,2025-06,-24.36,2025-06,0,0,0.39,2,2024-03,0,1.96,1.92,"SIDDHA,"
Kairosoft Ai Solutions Ltd.,VOLKAI,Finance - Investment,5.56,BSE,47.02,-3.94,1,2025-06,-4.36,2025-06,0,,0.15,1,2025-03,0,-8.16,-7.58,"VOLKAI,"
Asia Capital Ltd.,ASIACAP,Finance - NBFC,5.37,BSE,17.37,,1,2025-09,0.21,2024-12,16.89,3.27,1.05,1,2025-03,0.29,6.01,6.38,"ASIACAP,"
Sungold Capital Ltd.,SUNGOLD,Finance - NBFC,5.32,BSE,2.89,,1,2025-09,0.04,2025-09,132.97,18.54,0.24,1,2025-03,0.06,0.19,1.97,"SUNGOLD,"
Goyal Associates Ltd.,GOYALASS,Finance - NBFC,5.29,BSE,1.00,-0.99,1,2025-06,0.57,2025-06,9.35,0.27,0.96,1,2024-03,0.35,21.49,22.6,"GOYALASS,"
Wagend Infra Venture Ltd.,WAGEND,Finance - Investment,5.23,BSE,1.11,5.71,1,2025-06,0.01,2025-06,0,0,0.57,1,2024-03,0,-0.06,0.01,"WAGEND,"
Voltaire Leasing & Finance Ltd.,VOLLF,Finance - NBFC,5.14,BSE,12.47,-0.08,1,2025-09,-0.44,2025-09,0,,0.29,1,2025-03,0,-0.48,-0.43,"VOLLF,"
BP Capital Ltd.,BPCAP,Finance - NBFC,5.05,BSE,8.40,,1,2025-06,-0.16,2025-06,0,0,1.13,1,2024-03,0.2,-2.99,-2.52,"BPCAP,"
Superior Finlease Ltd.,SUPERIOR,Finance - Investment,4.5,BSE,1.50,5.63,1,2025-06,-0.05,2025-06,0,0,1.18,1,2025-03,8.68,0.29,0.03,"SUPERIOR,"
Premium Capital Market & Investment Ltd.,PREMCAPM,Finance - Investment,4.46,BSE,6.81,,1,2025-06,-0.36,2025-06,0,,-6.81,1,2025-03,0,0,0,"PREMCAPM,"
Befound Movement Ltd.,BEFOUNDMOL,Finance - NBFC,4.44,BSE,4.44,1.83,1,2025-06,0.09,2025-06,48.79,1.07,-22.49,1,2025-03,-10.53,0,3.3,"BEFOUNDMOL,"
Rajkot Investment Trust Ltd.,RAJKOTINV,Finance - NBFC,4.24,BSE,42.30,-3.86,1,2025-06,0.17,2025-06,24.8,0.69,0.88,1,2024-03,4.66,1.21,0.51,"RAJKOTINV,"
Peoples Investments Ltd.,PEOPLIN,Finance - Investment,4.2,BSE,209.95,,1,2025-09,-0.03,2025-06,0,,93.54,1,2025-03,0,-70.14,-70.13,"PEOPLIN,"
Amarnath Securities Ltd.,AMARSEC,Finance - Investment,4.11,BSE,13.69,1.86,1,2025-06,0.19,2025-06,21.17,2.11,0.91,1,2025-03,0.15,4.4,5.85,"AMARSEC,"
Ken Financial Services Ltd.,KENFIN,Finance - NBFC,4.05,BSE,13.50,-4.26,1,2025-06,0.23,2025-06,17.69,-0.41,0.55,1,2025-03,0.32,1.16,3.1,"KENFIN,"
Amerise Biosciences Ltd.,AMERISE,Finance - Investment,4.03,BSE,0.61,-6.15,1,2025-09,0.04,2025-09,100.76,6.61,0.76,1,2025-03,0,0.11,0.15,"AMERISE,"
Swadha Nature Ltd.,SWADHATURE,Finance - Investment,3.85,BSE,9.41,,1,2025-09,-0.11,2025-09,0,,6.89,1,2025-03,0.35,-4.21,-3.42,"SWADHATURE,"
Mahan Industries Ltd.,MAHANIN,Finance - NBFC,3.73,BSE,8.30,,1,2025-06,-0.11,2025-06,0,0,0.71,1,2024-03,1.14,-1.63,-0.33,"MAHANIN,"
Ekam Leasing & Finance Company Ltd.,EKAMLEA,Finance - NBFC,3.69,BSE,6.15,1.15,2,2025-06,-1.06,2025-06,0,,0.47,2,2024-03,0.18,7.39,10.6,"EKAMLEA,"
AAR Shyam India Investment Co Ltd.,AARSHYAM,Finance - Investment,3.69,BSE,12.30,,1,2025-06,-0.68,2025-06,0,0,1.28,1,2024-03,0.09,-9.82,-8.98,"AARSHYAM,"
GCM Commodity & Derivatives Ltd.,GCMCOMM,Finance - Investment,3.53,BSE,4.75,,1,2025-03,-4.41,2025-03,0,,0.6,1,2025-03,0,-50.31,-49.68,"GCMCOMM,"
Kanungo Financiers Ltd.,KANUNGO,Finance - Investment,3.24,BSE,6.99,-4.64,1,2025-06,0.22,2025-06,14.4,0.43,0.51,1,2025-03,3.6,3.83,6.22,"KANUNGO,"
SSPN Finance Ltd.,SSPNFIN,Finance - Investment,3.21,BSE,8.49,,1,2025-03,0.01,2025-03,321.47,-8.46,0.75,1,2024-03,0.26,0.16,1.74,"SSPNFIN,"
Concrete Infra & Media Ltd.,CONCRETE,Finance - Investment,3.14,BSE,4.17,,1,2022-09,0.49,2022-09,6.36,0.04,,1,2022-03,0,6.01,8.12,"CONCRETE,"
Vax Housing Finance Corporation Ltd.,VAXHS,Finance - Housing,3.07,BSE,2.58,,1,2022-09,0,2022-09,0,0,,1,2022-03,0,0,0,"VAXHS,"
Shikhar Consultants Ltd.,SHIKHAR,Finance - Investment,3.04,BSE,6.70,,1,2025-06,-0.1,2025-06,0,0,1.71,1,2024-03,0.44,-22.98,-18.24,"SHIKHAR,"
Oswal Leasing Ltd.,OSWALEA,Finance - NBFC,2.94,BSE,58.71,,1,2025-06,-0.02,2025-06,0,,1.05,1,2025-03,0,-0.77,-0.77,"OSWALEA,"
Charms Industries Ltd.,CHARMS,Finance - Others,2.63,BSE,6.41,,1,2025-06,-0.15,2025-06,0,0,-185.26,1,2024-03,2.44,-57.32,-24.86,"CHARMS,"
Brilliant Portfolios Ltd.,BRIPORT,Finance - Others,2.5,BSE,8.06,,1,2025-06,0.55,2025-06,4.58,0.95,0.27,1,2025-03,1.92,6.11,9.19,"BRIPORT,"
HEM Holdings & Trading Ltd.,ZHEMHOLD,Finance - Investment,2.43,BSE,101.34,,1,2025-06,-1.02,2025-06,0,,1.05,1,2025-03,0,-46.88,-46.84,"ZHEMHOLD,"
Indo Credit Capital Ltd.,INDOCRED,Finance - NBFC,2.36,BSE,3.26,,1,2025-09,0,2025-09,589.31,44.88,0.41,1,2025-03,0,-0.87,-0.86,"INDOCRED,"
Aneri Fincap Ltd.,ANERI,Finance - Investment,2.31,BSE,7.68,,1,2024-06,-34.02,2024-06,0,,-0.05,1,2023-03,-3.26,0,-33.19,"ANERI,"
Geetanjali Credit and Capital Ltd.,GEETANJ,Finance - NBFC,1.82,BSE,4.11,,1,2025-09,-0.06,2025-09,0,,0.59,1,2025-03,0.01,-1.11,-1.1,"GEETANJ,"
Regal Entertainment & Consultants Ltd.,REGAL,Finance - Investment,1.8,BSE,5.85,,1,2025-06,0.33,2022-12,128.37,1.22,1.01,1,2025-03,0.3,25.95,29,"REGAL,"
Wardwizard Healthcare Ltd.,WARDHEALTH,Finance - Investment,0.96,BSE,39.19,,1,2025-06,-2.77,2025-06,0,,-0.29,1,2024-03,-1.13,0,-775.6,"WARDHEALTH,"
Gold Rock Investments Ltd.,ZGOLDINV,Finance - Investment,0.91,BSE,11.57,,1,2025-06,19.47,2024-06,0.13,0,0.01,2,2024-03,0.01,2.16,2.85,"ZGOLDINV,"
Mrugesh Trading Ltd.,MRUTR,Finance - Investment,0.59,BSE,2.42,4.76,1,2025-06,0.35,2025-06,1.68,0.04,0.03,1,2023-03,4.73,-32.21,-10.79,"MRUTR,"
Magnanimous Trade & Finance Ltd.,MAGANTR,Finance - Investment,0.54,BSE,5.64,,1,2025-06,7.66,2024-06,0.03,0,0.02,2,2024-03,0,102.59,125.73,"MAGANTR,"
Silicon Valley Infotech Ltd.,SILICON,Finance - Investment,0.39,BSE,0.03,,1,2025-06,0.18,2025-06,2.22,0.15,-1.05,1,2024-03,0,0,-78.82,"SILICON,"
Jupiter Industries & Leasing Ltd.,JPTRLES,Finance - Investment,0.36,BSE,3.62,,1,2025-09,-0.07,2024-09,0,0,-0.17,1,2024-03,-0.4,0,0,"JPTRLES,"
E & E Enterprises Ltd.,ZSWASTSA,Finance - NBFC,0.33,BSE,13.67,,1,2025-06,0.04,2025-06,7.81,0.66,0,1,2025-03,0,0.02,0.04,"ZSWASTSA,"
IRB InvIT Fund,IRBINVIT,Finance - Investment,0,NSE,60.94,-0.91,1,2019-03,485.9,2025-03,,,,2,2025-03,0.84,9.21,9.48,"IRBINVIT,"
IndiGrid Infrastructure Trust,INDIGRID,Finance - Investment,0,NSE,171.96,-0.07,1,2019-03,211.24,2025-03,,,,2,2025-03,3.88,7.85,7.79,"INDIGRID,"
Interise Trust,INTERISE,Finance - Investment,0,NSE,109.75,,1,,,2025-03,,,,2,2025-03,1.57,-1.25,8.96,"INTERISE,"
Embassy Office Parks REIT,EMBASSY,Finance - Investment,0,NSE,426.13,-0.89,1,2024-03,1206.82,2025-03,,,,2,2025-03,0.87,7.06,3.68,"EMBASSY,"
Energy Infrastructure Trust,ENERGYINF,Finance - Investment,0,BSE,86.50,0.58,1,,,-0,,,,1,-0,,,,"ENERGYINF,"
Mindspace Business Parks REIT,MINDSPACE,Finance - Investment,0,NSE,465.40,0.87,1,,,2025-03,,,,2,2025-03,0.72,3.64,6.74,"MINDSPACE,"
Altius Telecom Infrastructure Trust,ALTIUSINVIT,Finance - Investment,0,BSE,152.00,,1,,,2025-03,,,,2,2025-03,2.9,5.92,8.82,"ALTIUSINVIT,"
Brookfield India Real Estate Trust REIT,BIRET,Finance - Investment,0,NSE,338.72,-1.49,1,,,2025-03,,,,2,2025-03,0.65,1.32,5.87,"BIRET,"
POWERGRID Infrastructure Investment Trust.,PGINVIT,Finance - Investment,0,NSE,97.27,0.19,1,,,2025-03,,,,2,2025-03,0.14,15.36,16.66,"PGINVIT,"
Shrem InvIT,SHREMINVIT,Finance - Investment,0,NSE,104.75,0.72,1,,,2025-03,,,,2,2025-03,1.29,17.78,11.49,"SHREMINVIT,"
National Highways Infra Trust,NHIT,Finance Term Lending,0,NSE,142.00,,1,,,2025-03,,,,2,2025-03,0.99,1.79,3.38,"NHIT,"
Vertis Infrastructure Trust,VERTIS,Finance Term Lending,0,NSE,109.00,0.93,1,,,2025-03,,,,2,2025-03,0.65,10.75,10.47,"VERTIS,"
Anzen India Energy Yield Plus Trust.,ANZEN,Finance - Investment,0,NSE,115.00,0.00,1,,,2025-03,,,,2,2025-03,1.22,-1.13,2.16,"ANZEN,"
Nexus Select Trust,NXST,Finance - Investment,0,NSE,163.01,-1.01,1,2024-03,893.91,2025-03,,,,2,2025-03,0.38,3.32,5.65,"NXST,"
IRB Infrastructure Trust - (IRBIT),IRBIT,Finance - Investment,0,NSE,220.22,,1,,,-0,,,,1,-0,,,,"IRBIT,"
Cube Highways Trust - (CUBEINVIT),CUBEINVIT,Finance - Investment,0,NSE,135.50,0.02,1,,,2025-03,,,,2,2025-03,1.32,-0.29,4.25,"CUBEINVIT,"
Maple Infrastructure Trust,MIT,Finance - Investment,0,BSE,144.00,,1,,,2024-03,,,,2,2025-03,1.55,-3.9,3.87,"MIT,"
Intelligent Supply Chain Infrastructure Trust,ISCITRUST,Finance - Investment,0,BSE,125.00,,1,,,2025-03,,,,2,2025-03,0.86,-3.59,4.89,"ISCITRUST,"
Indus Infra Trust,INDUSINVIT,Finance - Investment,0,NSE,122.37,0.41,1,,,2025-03,,,,2,2025-03,0.44,9.76,9.61,"INDUSINVIT,"
Nxt-Infra Trust - (NXT-INFRA),NXT-INFRA,Finance - Investment,0,NSE,100.20,,1,,,-0,,,,1,-0,,,,"NXT-INFRA,"
Property Share Investment Trust - Propshare Platina,PSPLATINA,Finance - Investment,0,BSE,1010000.00,2.54,1,,,-0,,,,1,-0,,,,"PSPLATINA,"
Enbee Trade And Finance Ltd. - (Rights Entitlements (REs)),750929,Finance - NBFC,0,BSE,0.07,,1,,,-0,,,,1,-0,,,,"750929,"
Moongipa Capital Finance Ltd. - (Rights Entitlements (REs)),MOONGI-RE,Finance - NBFC,0,BSE,2.75,,1,,,-0,,,,1,-0,,,,"MOONGI-RE,"
Aastamangalam Finance Ltd. - (Rights Entitlements (REs)),AASTA-RE,Finance - NBFC,0,BSE,2.22,,1,,,-0,,,,1,-0,,,,"AASTA-RE,"
Capital Infra Trust,CAPINVIT,Finance - Investment,0,NSE,77.93,0.31,1,,,-0,,,,1,-0,,,,"CAPINVIT,"
Pro Fin Capital Services Ltd. - (Rights Entitlements (REs)),PROFIN-RE,Finance - NBFC,0,BSE,0.13,,1,,,-0,,,,1,-0,,,,"PROFIN-RE,"
Anupam Finserv Ltd. - (Rights Entitlements (REs)),ANUFIN-RE,Finance - NBFC,0,BSE,0.13,,1,,,-0,,,,1,-0,,,,"ANUFIN-RE,"
Ganesh Holdings Ltd. - (Rights Entitlements (REs)),750953,Finance - NBFC,0,BSE,6.96,,1,,,-0,,,,1,-0,,,,"750953,"
Kairosoft Ai Solutions Ltd. - (Rights Entitlements (REs)),750956,Finance - Investment,0,BSE,3.46,,1,,,-0,,,,1,-0,,,,"750956,"
NDR INVIT Trust,NDRINVIT,Finance - Investment,0,NSE,122.00,,1,,,2025-03,,,,2,2025-03,0.36,3.52,4.87,"NDRINVIT,"
Sustainable Energy Infra Trust,SEITINVIT,Finance - Investment,0,NSE,109.00,,1,,,-0,,,,1,-0,,,,"SEITINVIT,"
Rajath Finance Ltd. - (Rights Entitlements (REs)),750959,Finance - NBFC,0,BSE,24.69,,1,,,-0,,,,1,-0,,,,"750959,"
Shri Niwas Leasing And Finance Ltd. - (Rights Entitlements (REs)),SHRINI-RE,Finance - Investment,0,BSE,0.54,,1,,,-0,,,,1,-0,,,,"SHRINI-RE,"
Roadstar Infra Investment Trust,ROADSTAR,Finance - Investment,0,BSE,60.00,,1,,,2025-03,,,,2,2025-03,0.8,-0.26,4.54,"ROADSTAR,"
Fusion Finance Ltd. - (Rights Entitlements (REs)),FUSI-RE,Finance - NBFC,0,NSE,15.84,,1,,,-0,,,,1,-0,,,,"FUSI-RE,"
Shri Niwas Leasing and Finance Ltd. - (Partly Paid-up Equity Shares (Rights Issue),SNLFPP,Finance - Investment,0,BSE,7.29,4.89,1,,,-0,,,,1,-0,,,,"SNLFPP,"
Onesource Industries And Ventures Ltd. - (Rights Entitlements (REs)),OIVL-RE,Finance - Others,0,BSE,0.05,,1,,,-0,,,,1,-0,,,,"OIVL-RE,"
GACM Technologies Ltd. - (Rights Entitlements),GATDVR-RE,Finance - Stock Broking,0,NSE,0.17,,1,,,-0,,,,1,-0,,,,"GATDVR-RE,"
GACM Technologies Ltd. - (DVR) - (Rights Entitlements),GATECH-RE1,Finance - Stock Broking,0,NSE,0.17,,1,,,-0,,,,1,-0,,,,"GATECH-RE1,"
Max India Ltd. - (Rights Entitlement),MAXIND-RE,Finance - Investment,0,NSE,33.40,,1,,,-0,,,,1,-0,,,,"MAXIND-RE,"
Fusion Finance Ltd- Partly Paid-up Equity Shares (Rights Issue).,FUSIONPP,Finance - NBFC,0,NSE,99.54,-1.93,1,,,-0,,,,1,-0,,,,"FUSIONPP,"
Mahindra And Mahindra Financial Services Ltd. - (Rights Entitlements (REs)),M&MFIN-RE1,Finance - NBFC,0,NSE,69.50,,1,,,-0,,,,1,-0,,,,"M&MFIN-RE1,"
Yamini Investments Company Ltd. - (Rights Entitlements (REs)),YAMNIN-RE,Finance - Investment,0,BSE,0.19,,1,,,-0,,,,1,-0,,,,"YAMNIN-RE,"
Purple Finance Ltd. - (Rights Entitlements (REs)),PURFIN-RE1,Finance - NBFC,0,BSE,0.59,,1,,,-0,,,,1,-0,,,,"PURFIN-RE1,"
Ugro Capital Ltd. - (Rights Entitlements (REs)),UGRO-RE,Finance - NBFC,0,NSE,3.26,,1,,,-0,,,,1,-0,,,,"UGRO-RE,"
Bharat Bhushan Finance & Commodity Brokers Ltd. - (Rights Entitlements (REs)),BHARAT-RE,Finance - Investment,0,BSE,22.99,,1,,,-0,,,,1,-0,,,,"BHARAT-RE,"
Som Datt Finance Corporation Ltd. - (Rights Entitlements (REs)),SODFC-RE,Finance - Investment,0,BSE,18.13,,1,,,-0,,,,1,-0,,,,"SODFC-RE,"
Capital Trust Ltd. - (Rights Entitlements (REs)),CAPTRU-RE,Finance - NBFC,0,NSE,0.39,,1,,,-0,,,,1,-0,,,,"CAPTRU-RE,"
TVS Infrastructure Trust - (TVSINVIT),TVSINVIT,Finance - Investment,0,NSE,104.60,,1,,,-0,,,,1,-0,,,,"TVSINVIT,"
JMJ Fintech Ltd. - (Rights Entitlements (REs)),JMJFIN-RE,Finance - NBFC,0,BSE,2.46,,1,,,-0,,,,1,-0,,,,"JMJFIN-RE,"
Zodiac Ventures Ltd. - (Rights Entitlements (REs)),ZODIAC-RE,Finance - Investment,0,BSE,0.75,,1,,,-0,,,,1,-0,,,,"ZODIAC-RE,"
Spandana Sphoorty Financial Ltd. - (Rights Entitlements (REs)),SPAND-RE,Finance - NBFC,0,NSE,10.05,,1,,,-0,,,,1,-0,,,,"SPAND-RE,"
Property Share Investment Trust - PropShare Titania,PSTITANIA,Finance - Investment,0,BSE,1055000.00,0.96,1,,,-0,,,,1,-0,,,,"PSTITANIA,"
Indian Infotech & Software Ltd. - (Rights Entitlements (REs)),INDINF-RE1,Finance - Investment,0,BSE,0.03,,1,,,-0,,,,1,-0,,,,"INDINF-RE1,"
Spandana Sphoorty Financial Ltd. - (Partly Paid-up Equity Shares (Rights Issue)),SSFLPP,Finance - NBFC,0,NSE,119.95,1.39,1,,,-0,,,,1,-0,,,,"SSFLPP,"
JMJ Fintech Ltd. - (Partly Paid-up Equity Shares (Rights Issue)),JMJFINPP,Finance - NBFC,0,BSE,3.91,5.96,1,,,-0,,,,1,-0,,,,"JMJFINPP,"
Arunis Abode Ltd. - (Rights Entitlements (REs)),ARUNIS-RE,Finance - Investment,0,BSE,81.27,,1,,,-0,,,,1,-0,,,,"ARUNIS-RE,"
Anantam Highways Trust,ANANTAM,Finance - Investment,0,NSE,105.91,0.42,1,,,-0,,,,1,-0,,,,"ANANTAM,"
LKP Finance Ltd. - (Rights Entitlements (REs)),LKPFIN-RE,Finance - Investment,0,BSE,98.54,,1,,,-0,,,,1,-0,,,,"LKPFIN-RE,"
Star Housing Finance Ltd. - (Rights Entitlements (REs)),STARHF-RE,Finance - Housing,0,BSE,0.11,-8.33,1,,,-0,,,,1,-0,,,,"STARHF-RE,"
Trustedge Capital Ltd. - (Rights Entitlements (REs)),TRUCAP-RE,Finance - Investment,0,BSE,8.32,,1,,,-0,,,,1,-0,,,,"TRUCAP-RE,"
Capital Trust Ltd. - (Rights Entitlements (REs)),CAPTRU-RE1,Finance - NBFC,0,NSE,4.42,-17.69,1,,,-0,,,,1,-0,,,,"CAPTRU-RE1,"
Mangalam Industrial Finance Ltd. - (Rights Entitlements (REs)),MANGIN-RE,Finance - NBFC,0,BSE,0.21,-4.55,1,,,-0,,,,1,-0,,,,"MANGIN-RE,"
Delphi World Money Ltd. - (Rights Entitlements (REs)),DELPH-RE,Finance - Others,0,NSE,8.85,,1,,,-0,,,,1,-0,,,,"DELPH-RE,"
